Chương trình, mức giảm, mã giảm, số lần, giá nhỏ nhất, giảm tối đa, bắt đầu, kết thúc
5,5,5icZmL87JiNzxZBnO,1,5,5,5,5,
5,5,5WPTcuRgYzBpOv0pm,1,5,5,5,5,
5,5,5x6fRsLRTryWPLWH5,1,5,5,5,5,
5,5,5LVIEQly1RKUCrGMv,1,5,5,5,5,
5,5,5GFrvNT7FuOf0vxC4,1,5,5,5,5,
kien,15,15ThmRhIkFpAtP43p,1,15,20,2024-01-01 00:00:00,2024-10-25 00:00:00,
kien,15,15utP616gfSK0fCAJ,1,15,20,2024-01-01 00:00:00,2024-10-25 00:00:00,
kien,15,15mjyKgrvFrd4Npi0,1,15,20,2024-01-01 00:00:00,2024-10-25 00:00:00,
kien,15,15SXutigIFlAVEU6w,1,15,20,2024-01-01 00:00:00,2024-10-25 00:00:00,
kien,15,15bpnwR1ftw5ayiI7,1,15,20,2024-01-01 00:00:00,2024-10-25 00:00:00,
kien,15,15t0pstjOUSxEkKVT,1,15,20,2024-01-01 00:00:00,2024-10-25 00:00:00,
kien,15,1586xa9LhL1iEw8DV,1,15,20,2024-01-01 00:00:00,2024-10-25 00:00:00,
kien,15,156Mqqwf5GnzHPeue,1,15,20,2024-01-01 00:00:00,2024-10-25 00:00:00,
kien,15,15Ifkzw2edDXpGDFF,1,15,20,2024-01-01 00:00:00,2024-10-25 00:00:00,
kien,15,15CwbqkhOhDXuOnBP,1,15,20,2024-01-01 00:00:00,2024-10-25 00:00:00,
klein,15,15dehDyDzLACn9a4F,1,55,555,444,555,
klein,15,15JTxjMZAHYCrV2fI,1,55,555,444,555,
klein,15,15SjBT3oUuli693OJ,1,55,555,444,555,
klein,15,15Y0USb7xLsBWreJH,1,55,555,444,555,
klein,15,15KiKjXIMCNkzZslK,1,55,555,444,555,
klein,15,15eZhj1R50ze1grjF,1,55,555,444,555,
klein,15,15efcTiJo4ypWd5ub,1,55,555,444,555,
klein,15,15G6VDjkfj3bumt9E,1,55,555,444,555,
klein,15,15xO67xt6946T76BI,1,55,555,444,555,
klein,15,152xn1elAC2DaliGQ,1,55,555,444,555,
klein,15,15kdDht606rFvk2B3,1,55,555,444,555,
klein,15,15imdczrM1BB2CF2W,1,55,555,444,555,
klein,15,15RpasAkNiEOGQUjV,1,55,555,444,555,
klein,15,1594lb8Fs4zahdubz,1,55,555,444,555,
klein,15,1511svCa05X3oDxsv,1,55,555,444,555,
klein,15,15KKic3fs51hxIlum,1,55,555,444,555,
klein,15,15omYTwLvlSkWNFny,1,55,555,444,555,
klein,15,15ZLe7iQ0qWorRlkB,1,55,555,444,555,
klein,15,15kUE01CjqYgkb6wm,1,55,555,444,555,
klein,15,152mLRL8Vzno0Aqg1,1,55,555,444,555,
klein,15,15oxnnl2W7cwlz58C,1,55,555,444,555,
klein,15,15dQ0eJOVl24DjbuK,1,55,555,444,555,
klein,15,15NrgIYHsBGEGnb8G,1,55,555,444,555,
klein,15,158stR1Myt9WLio4w,1,55,555,444,555,
klein,15,15oAAWh5RnXgZ7YJz,1,55,555,444,555,
klein,15,15u2yKGs6T8AGcYCr,1,55,555,444,555,
klein,15,15DVddpqaSFbBjSQD,1,55,555,444,555,
klein,15,15ZJPCqsq2wVvunJK,1,55,555,444,555,
klein,15,15ZGT2fykhlEhDpW4,1,55,555,444,555,
klein,15,15q8Om5YXWKyyqJt6,1,55,555,444,555,
klein,15,15aShiVeGszausLWw,1,55,555,444,555,
klein,15,15BdiYHUDvePS3mm3,1,55,555,444,555,
klein,15,15t3YG7YNHBTlXW8B,1,55,555,444,555,
klein,15,15iZFcQQQTM7rj6Mg,1,55,555,444,555,
klein,15,15RIdytCEo3BLNMBL,1,55,555,444,555,
klein,15,15R3oGFYQVD7VVhR9,1,55,555,444,555,
klein,15,15mFRyy33kdHMRYdH,1,55,555,444,555,
klein,15,15kqOjEWCcknJFLTi,1,55,555,444,555,
klein,15,15aduegrA2zUDQ1yg,1,55,555,444,555,
klein,15,15G9UopsaSTf13zzz,1,55,555,444,555,
klein,15,15MtoaBq2334MZeNi,1,55,555,444,555,
klein,15,153eggImHTR70BwKo,1,55,555,444,555,
klein,15,15SMbfShlRkUUG0EJ,1,55,555,444,555,
klein,15,15WuEMqo6XT07bbHH,1,55,555,444,555,
klein,15,15PQb9ZO1f3nOvmBK,1,55,555,444,555,
klein,15,15JQS3thb1w8LGmYY,1,55,555,444,555,
klein,15,15ButJkTjx4qmS2vN,1,55,555,444,555,
klein,15,15pugQwPI8F3tQ1xR,1,55,555,444,555,
klein,15,1547pjZbgCX7qaN62,1,55,555,444,555,
klein,15,15Q4ByJXRAz65B9Vs,1,55,555,444,555,
klein,15,15hwHxFmYaW2O8ltb,1,55,555,444,555,
klein,15,15FiAp9MjieQMaorw,1,55,555,444,555,
klein,15,15iRSPOHb6EKJ5pDq,1,55,555,444,555,
klein,15,15Fv1kC2e6bkx973c,1,55,555,444,555,
klein,15,15Cdgx9L3bjOCZueJ,1,55,555,444,555,
klein,15,15Ujp6EEwfTKb6QDm,1,55,555,444,555,
klein,15,150bQboNU2R35uMhB,1,55,555,444,555,
klein,15,15ULaGIgyb66OoXbs,1,55,555,444,555,
klein,15,15LHTOwsFrg9Hdlwu,1,55,555,444,555,
klein,15,15QJdw2ryQUjlMgzl,1,55,555,444,555,
klein,15,15lIhlx0kUuFleIG2,1,55,555,444,555,
klein,15,15PD3sRfO8BvFMHtz,1,55,555,444,555,
klein,15,15tgtMIl1Q070cCph,1,55,555,444,555,
klein,15,15OEn29qa35nMSO8L,1,55,555,444,555,
klein,15,15iyjs3VZeEbXTTjn,1,55,555,444,555,
klein,15,15nlLuclxbcBXEX8J,1,55,555,444,555,
klein,15,1553oEONcKq69PFK2,1,55,555,444,555,
klein,15,152IWF0F3eRPqddxI,1,55,555,444,555,
klein,15,15m27jDnIsgbJdrij,1,55,555,444,555,
klein,15,156fkIHw6VICjOx0C,1,55,555,444,555,
klein,15,157mZOY4VCd8crZ4V,1,55,555,444,555,
klein,15,15JDjeCoCdrA8fEcT,1,55,555,444,555,
klein,15,15vVUnKoacgMcz3p5,1,55,555,444,555,
klein,15,15ahx4HyykfAUnxWT,1,55,555,444,555,
klein,15,15VizG27EzJhqBALP,1,55,555,444,555,
klein,15,15tlgYMmKQMNVq57f,1,55,555,444,555,
klein,15,15bEOptBn9hoE0a4L,1,55,555,444,555,
klein,15,159LCsfEBV5XpNG2H,1,55,555,444,555,
klein,15,15WpS0TKGO1OuLB2W,1,55,555,444,555,
klein,15,15mo1l3YCQ1WneaKO,1,55,555,444,555,
klein,15,15Z3VXNQMVnT2QIsx,1,55,555,444,555,
klein,15,15AF7vZuUrmoSGML0,1,55,555,444,555,
klein,15,15A7qxCxSOX1gUMp4,1,55,555,444,555,
klein,15,15Qh0tH8XEjDg51HA,1,55,555,444,555,
klein,15,15QgH2luvM2zOK8Q6,1,55,555,444,555,
klein,15,15tjewY8R3gSDU3yf,1,55,555,444,555,
klein,15,15oE3ur2jJ4ak0hjM,1,55,555,444,555,
klein,15,15E4qUS7e7kQP5ZMN,1,55,555,444,555,
klein,15,15Dof83A4r8VjXxte,1,55,555,444,555,
klein,15,15s7JA5swaQ3l9hOe,1,55,555,444,555,
klein,15,15xQXMpY7hQZxIcip,1,55,555,444,555,
klein,15,15NGhAVR3fR2Nc0k1,1,55,555,444,555,
klein,15,15syoKC8yh6spXeSa,1,55,555,444,555,
klein,15,15hjpUzG9bIOR4n0U,1,55,555,444,555,
klein,15,15uWNnF01PMPjKcXA,1,55,555,444,555,
klein,15,15Cb7OLCsCx0uM8io,1,55,555,444,555,
klein,15,15ycvPOZbIGwr4uLv,1,55,555,444,555,
klein,15,15X0fKhDk5lHh6a8w,1,55,555,444,555,
klein,15,15pOmoGtoQXEkQY9p,1,55,555,444,555,
klein,15,15RsyAzWIv0nyKXW4,1,55,555,444,555,
klein,15,15ZUho9t0rAkbnITb,1,55,555,444,555,
klein,15,15EzMvWfl5k0MoXh4,1,55,555,444,555,
klein,15,15WEE50isftFKZHiF,1,55,555,444,555,
klein,15,15hsOcUyhXS70BhYR,1,55,555,444,555,
klein,15,15hsWR2FJ0ktJ1y9O,1,55,555,444,555,
klein,15,157UBqPDxEOpakdw7,1,55,555,444,555,
klein,15,15oODT3laC2zakFGQ,1,55,555,444,555,
klein,15,15y9srs5VXcMG7asl,1,55,555,444,555,
klein,15,154xGW8MniHuYEBQs,1,55,555,444,555,
klein,15,15eqCkGHmtZdyuryJ,1,55,555,444,555,
klein,15,15w47jxBryaTJSZDu,1,55,555,444,555,
klein,15,15zUPffer7Ic3mGnz,1,55,555,444,555,
klein,15,15zb4pMeO8lBslZCk,1,55,555,444,555,
klein,15,158bY2q5zn3olKTXQ,1,55,555,444,555,
klein,15,15LqnG0OO9tSpqHum,1,55,555,444,555,
klein,15,15A38d64MXPR4I1Bu,1,55,555,444,555,
klein,15,15l7kQz19hXqEXTE2,1,55,555,444,555,
klein,15,15mtbQ5scKvDwKT3p,1,55,555,444,555,
klein,15,1514Y7c2EbZFs4V5e,1,55,555,444,555,
klein,15,15bWNdwdFGVAa9iU9,1,55,555,444,555,
klein,15,15VPHfj2RrhdwdHsm,1,55,555,444,555,
klein,15,15AKfHhzLOCg9ay2g,1,55,555,444,555,
klein,15,15voeSZaRc5r2C22t,1,55,555,444,555,
klein,15,15SvdX3Utkekn5siG,1,55,555,444,555,
klein,15,15Rrz0zZbgZIMMSsM,1,55,555,444,555,
klein,15,15A6JIDEOv8uQAJPT,1,55,555,444,555,
klein,15,15qmabRb2MHVICt0e,1,55,555,444,555,
klein,15,15f0r3W4SUFYkkv2m,1,55,555,444,555,
klein,15,156BOL3rtmKq7ZVik,1,55,555,444,555,
klein,15,15Ep2C1hTpCJ5TXr5,1,55,555,444,555,
klein,15,155aBBRRdLO5tWl4v,1,55,555,444,555,
klein,15,15vNrkuLcDC3djQuy,1,55,555,444,555,
klein,15,152aRRc59YuytspoX,1,55,555,444,555,
klein,15,15gUY41e7RD4S6mN8,1,55,555,444,555,
klein,15,15EZsneMu1uljpAK9,1,55,555,444,555,
klein,15,159rDPZ7AKWgSxCkV,1,55,555,444,555,
klein,15,15ncvOiH8kc3AmBiR,1,55,555,444,555,
klein,15,15QWqJ5Af442MqXtb,1,55,555,444,555,
klein,15,159wahg8hIBlF75L9,1,55,555,444,555,
klein,15,15Ap40Dei2Dzo5Ntk,1,55,555,444,555,
klein,15,15eUp8NemXAr2xsjN,1,55,555,444,555,
klein,15,15lGsFMD1Cg1lFNlG,1,55,555,444,555,
klein,15,15uShxiOHBdPK5jg4,1,55,555,444,555,
klein,15,15lUUvG9LKwz3v8bW,1,55,555,444,555,
klein,15,15ye6dNG9OT0Kf3uH,1,55,555,444,555,
klein,15,155Q5xSJwGJTf92Ek,1,55,555,444,555,
klein,15,15HmT5LlBsKaal6m2,1,55,555,444,555,
klein,15,15NZi21yksFGwLJSu,1,55,555,444,555,
klein,15,15psoAhAAzUyNpp0I,1,55,555,444,555,
klein,15,15qiIJrXoLWlgBgbu,1,55,555,444,555,
klein,15,15r1GpgrxqhwpQGFO,1,55,555,444,555,
klein,15,15JNRoAjDYh4TzWTM,1,55,555,444,555,
klein,15,15SVPnrjjSi3EwZJN,1,55,555,444,555,
klein,15,15KSfXrJAJGELjvle,1,55,555,444,555,
klein,15,15S7d4ojmthsqjBlq,1,55,555,444,555,
klein,15,15wUMF1VKQCXJEMai,1,55,555,444,555,
klein,15,15aiMPL2vvKHCpFD8,1,55,555,444,555,
klein,15,15sVlnw2mDFgrBYlq,1,55,555,444,555,
klein,15,15XLD4HWrki1hcnPP,1,55,555,444,555,
klein,15,15onFDzpaZmj3NvVP,1,55,555,444,555,
klein,15,150K6ohFkaxapGnnq,1,55,555,444,555,
klein,15,15yFGWwN0W28LjIWx,1,55,555,444,555,
klein,15,156heHxlny72sJ20m,1,55,555,444,555,
klein,15,15RgFGIKdAvjuxk54,1,55,555,444,555,
klein,15,15Qcy4y9vpaDCfRAF,1,55,555,444,555,
klein,15,1555KWnvZH11Vgevg,1,55,555,444,555,
klein,15,15FYeMzxipQpud9ax,1,55,555,444,555,
klein,15,15JU0Q0OyFEDv9mU3,1,55,555,444,555,
klein,15,15IqLW3GRC5A6ZK3Y,1,55,555,444,555,
klein,15,15gjwzpkhoUEH0jXx,1,55,555,444,555,
klein,15,15BAvp9oifULuwd1D,1,55,555,444,555,
klein,15,153pm8939pH6NQIkt,1,55,555,444,555,
klein,15,15uxeSfD4pW3itSuR,1,55,555,444,555,
klein,15,159AOsv1xAi8uaysl,1,55,555,444,555,
klein,15,155TIKf9MWcb6D3aY,1,55,555,444,555,
klein,15,15n0Xc1s2GsvIwQLV,1,55,555,444,555,
klein,15,15eYtYQSPrwl1gr2M,1,55,555,444,555,
klein,15,152zD0qA6UsEM7kGn,1,55,555,444,555,
klein,15,15xSp7drrpyxkp3Dx,1,55,555,444,555,
klein,15,15epe8pEJHWi1pqaW,1,55,555,444,555,
klein,15,15RJKgUjueuAphj8i,1,55,555,444,555,
klein,15,15RJO7Dpeck7qzL0f,1,55,555,444,555,
klein,15,15ueUtlKmF0nctI9J,1,55,555,444,555,
klein,15,1514C8olKxEkXdqZc,1,55,555,444,555,
klein,15,15Bdkhmg0wIMIiK89,1,55,555,444,555,
klein,15,15CQHvKrdbqNVKgY0,1,55,555,444,555,
klein,15,15grJYPNNUcICGqvd,1,55,555,444,555,
klein,15,15EU4188ploT40QEg,1,55,555,444,555,
klein,15,15pVsxr7NQeQe5d7o,1,55,555,444,555,
klein,15,15zvCtocIDjnz4XlM,1,55,555,444,555,
klein,15,15wCjE9ep2DBkfQnH,1,55,555,444,555,
klein,15,15YW5nmjKewqfE1ve,1,55,555,444,555,
klein,15,15Z8culmMygPBX0hD,1,55,555,444,555,
klein,15,15ipaxT9QJmA9oo6x,1,55,555,444,555,
klein,15,15YcNXW8CPjnwodWd,1,55,555,444,555,
klein,15,15Bh0zkBxeHLDfUby,1,55,555,444,555,
klein,15,15gXmXAHaCcdPoeI7,1,55,555,444,555,
klein,15,15AWxx6yyRQkBQ1Cy,1,55,555,444,555,
klein,15,15JzXFrFt4N3mgT2s,1,55,555,444,555,
klein,15,15Mn9s6NpXCeu7AWs,1,55,555,444,555,
klein,15,15p3coyERU4X5jGOn,1,55,555,444,555,
klein,15,15L7uvffNLnvIItB0,1,55,555,444,555,
klein,15,15VH59vR6r2Hgn3ox,1,55,555,444,555,
klein,15,15vDPWsz04iXytYZY,1,55,555,444,555,
klein,15,15D875afEykDa0IMI,1,55,555,444,555,
klein,15,15xvZvkc646Zqb8jm,1,55,555,444,555,
klein,15,15l5BE2UwshY3XNLP,1,55,555,444,555,
klein,15,15lPPXoXC4NsrT6VM,1,55,555,444,555,
klein,15,15kgKnq9Iyiadzspd,1,55,555,444,555,
klein,15,15JcRdYSOWuSRlrkY,1,55,555,444,555,
klein,15,15h8Fwo2DSKta2wXO,1,55,555,444,555,
klein,15,15FQlSIwEaiFtRWjg,1,55,555,444,555,
klein,15,15B1wgZiVGawwtCtE,1,55,555,444,555,
klein,15,15dVCFPYCpy4P0TgH,1,55,555,444,555,
klein,15,15S1rwQ724E01VLRC,1,55,555,444,555,
klein,15,15nfkOFyDUSUKqmwI,1,55,555,444,555,
klein,15,15Kpg9Y1BqYW1MntA,1,55,555,444,555,
klein,15,15slL9yUAr2NqGwdr,1,55,555,444,555,
klein,15,15bLaiNSLeh9x600X,1,55,555,444,555,
klein,15,15yNKb49P20Y2s472,1,55,555,444,555,
klein,15,15NPRw9y4oaQoY9jT,1,55,555,444,555,
klein,15,15BZmsnPyInzOdhcI,1,55,555,444,555,
klein,15,15eNJIGBEaykOcm1Z,1,55,555,444,555,
klein,15,15KMHV9v3v0OuakyK,1,55,555,444,555,
klein,15,15Gf8tSCIZ4Uxq9HD,1,55,555,444,555,
klein,15,15k7hjAkXijMZqdMB,1,55,555,444,555,
klein,15,15xd1Fv03xgsuWUmy,1,55,555,444,555,
klein,15,15XdniioLQ8mm1Vit,1,55,555,444,555,
klein,15,15ZUnW45aE76sk22h,1,55,555,444,555,
klein,15,15FmqT4rbvOwq30dc,1,55,555,444,555,
klein,15,15CGkf4ocAlDUNnah,1,55,555,444,555,
klein,15,15Js7lo1lzZbwzkP1,1,55,555,444,555,
klein,15,15VD8oCwmfuPnefiE,1,55,555,444,555,
klein,15,15BhcPkKiSybGQlUB,1,55,555,444,555,
klein,15,15XFxTUk0io0CC6GW,1,55,555,444,555,
klein,15,15opBs5qdf6t1CKD7,1,55,555,444,555,
klein,15,15g65Rm5vo16SfDtn,1,55,555,444,555,
klein,15,15QdygyVQuKnAmcnq,1,55,555,444,555,
klein,15,15rv1jZFId9sIvuiG,1,55,555,444,555,
klein,15,15odYpGDqzhtQwKVp,1,55,555,444,555,
klein,15,15RnQ7Eyr3OD5Jkig,1,55,555,444,555,
klein,15,15c69xAHToM8TGB5j,1,55,555,444,555,
klein,15,15nzgB6EpSGcQNofy,1,55,555,444,555,
klein,15,15fF94AmJoWAyqEgr,1,55,555,444,555,
klein,15,15zDJH3xiQ5USWF4w,1,55,555,444,555,
klein,15,15UPERvUzGB97Qs0Q,1,55,555,444,555,
klein,15,15rphkbiARGrY5VgI,1,55,555,444,555,
klein,15,15kqvh21pBEEyAacB,1,55,555,444,555,
klein,15,15W0j10c4872poVRu,1,55,555,444,555,
klein,15,15pTHVDHuZfVRa1XY,1,55,555,444,555,
klein,15,15dnnmGTTEYFVzh91,1,55,555,444,555,
klein,15,15WT2hzUgKucVpfPE,1,55,555,444,555,
klein,15,15GkHPmdiGRlFUxYl,1,55,555,444,555,
klein,15,15oSSyBuj2CpF5EXr,1,55,555,444,555,
klein,15,15R2UBk7Qmq600lFd,1,55,555,444,555,
klein,15,15wZGr1V0ZDZFzsE7,1,55,555,444,555,
klein,15,152w1XlW6nCxcDVXa,1,55,555,444,555,
klein,15,15eAmH8cn83A7arJx,1,55,555,444,555,
klein,15,15HElm9nn9pe5rdw5,1,55,555,444,555,
klein,15,15aaAkBD5sVmgg7H9,1,55,555,444,555,
klein,15,154pnxbD0Z68Ii4b9,1,55,555,444,555,
klein,15,15gbc4c4hLLX6C98K,1,55,555,444,555,
klein,15,15wKmXEYX2o7ToDsh,1,55,555,444,555,
klein,15,15k1xGI8gKKIEih8w,1,55,555,444,555,
klein,15,15VnVACLRXXS0IQel,1,55,555,444,555,
klein,15,15MxMnnxwtGF3kAsA,1,55,555,444,555,
klein,15,15fQO1aXuDgmYfAYI,1,55,555,444,555,
klein,15,15qz8vv5ONfGial8b,1,55,555,444,555,
klein,15,15g2lIIUPMGo6XaoV,1,55,555,444,555,
klein,15,15P9Jl5eMkwUCZ8Zq,1,55,555,444,555,
klein,15,15T6dZI6o6K9HTDpe,1,55,555,444,555,
klein,15,150pwK8xtD6gDVV4x,1,55,555,444,555,
klein,15,15x7tJuk082kN0spR,1,55,555,444,555,
klein,15,15zIlALwdD4hSy9OH,1,55,555,444,555,
klein,15,15LUYLEwWA573jDad,1,55,555,444,555,
klein,15,1557k16asqJhxjEMe,1,55,555,444,555,
klein,15,15wruLfkvHjFXXyL6,1,55,555,444,555,
klein,15,159QFP8QyPoBtqivi,1,55,555,444,555,
klein,15,15DodLAQaX3f2WpEQ,1,55,555,444,555,
klein,15,15p0VQTQS3H0dsHXp,1,55,555,444,555,
klein,15,15uaVDG2PWeJM6klj,1,55,555,444,555,
klein,15,15p4qxZ3g8SVORl46,1,55,555,444,555,
klein,15,1549qUu2ONmjEAB4O,1,55,555,444,555,
klein,15,15xUMZWhoyvwaMctn,1,55,555,444,555,
klein,15,15DB4ou4h4JYtT9e4,1,55,555,444,555,
klein,15,15gJlj7aUaKcUYhHD,1,55,555,444,555,
klein,15,15gN0WbHmOHf6TBTo,1,55,555,444,555,
klein,15,15k77Y3OjLFchEOCx,1,55,555,444,555,
klein,15,15stnCtNbOgwkjbjU,1,55,555,444,555,
klein,15,15LaPA90Qti1pQhlI,1,55,555,444,555,
klein,15,15qMoLK6efOlIEnnR,1,55,555,444,555,
klein,15,1574xu2bal90Jr9ma,1,55,555,444,555,
klein,15,15ycUEEgXviXCNNfm,1,55,555,444,555,
klein,15,15v0844iyWrCiti6e,1,55,555,444,555,
klein,15,156jsxvgpVp8OKA0B,1,55,555,444,555,
klein,15,158AntTyEt17UxK7p,1,55,555,444,555,
klein,15,15z8R5jcMjopCHCYE,1,55,555,444,555,
klein,15,15lwyb932hKwRGVyq,1,55,555,444,555,
klein,15,15cxnxVC4Zvft8pwQ,1,55,555,444,555,
klein,15,15zJ8xRMGeva6oxva,1,55,555,444,555,
klein,15,15OOiipMAeh57cHMW,1,55,555,444,555,
klein,15,15odZErYnMZ4TH40i,1,55,555,444,555,
klein,15,15lwgkf2s4qeE0oYE,1,55,555,444,555,
klein,15,15Omg9wb3Uj72aBN7,1,55,555,444,555,
klein,15,15VK2s2R5glkCww1I,1,55,555,444,555,
klein,15,15EVb9t3SWAcOqDel,1,55,555,444,555,
klein,15,15NxMuAmQeylKUyOU,1,55,555,444,555,
klein,15,15tjJOFNKihvwINrk,1,55,555,444,555,
klein,15,15Tec55vfcboEiuu4,1,55,555,444,555,
klein,15,15NCABEA7K2FNCSKi,1,55,555,444,555,
klein,15,15fo4xrPDtnwZ0dHs,1,55,555,444,555,
klein,15,1523Ri37ies2a302e,1,55,555,444,555,
klein,15,15fvqCi0G5KDrp54t,1,55,555,444,555,
klein,15,150bo5cRULQAiA7FD,1,55,555,444,555,
klein,15,154GdUAoQpM8WIoWg,1,55,555,444,555,
klein,15,15U4r0C0b3ccF1ixs,1,55,555,444,555,
klein,15,15IPqrflVYVBZuMyo,1,55,555,444,555,
klein,15,15mBXd2UaGaTkYS5S,1,55,555,444,555,
klein,15,15PfM7jqAAvS0xD3z,1,55,555,444,555,
klein,15,15WaQdaucymTOOwAe,1,55,555,444,555,
klein,15,15Fx5us9ZTbz47mqU,1,55,555,444,555,
klein,15,15aUA2RNnfzQcsRlv,1,55,555,444,555,
klein,15,15MDtABXby0GNUIjv,1,55,555,444,555,
klein,15,15dWL49io0z2tlqqd,1,55,555,444,555,
klein,15,15p8QPOX57SkedVPW,1,55,555,444,555,
klein,15,15WGulyp4IcthXMz6,1,55,555,444,555,
klein,15,15RZZjZnBPllktxGw,1,55,555,444,555,
klein,15,15vMLStdwU56Wg95l,1,55,555,444,555,
klein,15,15c6orGZKHh9NDwVI,1,55,555,444,555,
klein,15,15Eh9Ybs3s5Ch4mio,1,55,555,444,555,
klein,15,15zpbvlgQhh5NzEDL,1,55,555,444,555,
klein,15,15pPMmgSIBXAWfQLC,1,55,555,444,555,
klein,15,15hHRbVeEqKL1khhC,1,55,555,444,555,
klein,15,15dUtRuEY8SIi4jfl,1,55,555,444,555,
klein,15,15dh3wYOqFLf2W4g8,1,55,555,444,555,
klein,15,15TMQhNxMZjCnQ6UW,1,55,555,444,555,
klein,15,15rbJFxpGRgjIcuKw,1,55,555,444,555,
klein,15,15Yevva1CJ5tgyTU1,1,55,555,444,555,
klein,15,15oU4JwOOBTFaTUhx,1,55,555,444,555,
klein,15,15ghSJgjjoRtHkoOo,1,55,555,444,555,
klein,15,15kvibWheHYzv9ett,1,55,555,444,555,
klein,15,150c7FCalm0CQLQkw,1,55,555,444,555,
klein,15,152idSK9z3lcSOGKx,1,55,555,444,555,
klein,15,15mgCRRu149Ag0AJr,1,55,555,444,555,
klein,15,15yMfbx0fDobDgoF2,1,55,555,444,555,
klein,15,15I8u9XKbMvmLBbPs,1,55,555,444,555,
klein,15,15klZMZ3CecGnV6NC,1,55,555,444,555,
klein,15,15ciNI2FpSlEmJFid,1,55,555,444,555,
klein,15,15nwXfg8KedBT2Fv9,1,55,555,444,555,
klein,15,157Ll2E6pWzDqSjFf,1,55,555,444,555,
klein,15,15IIL0SLTKW5pYtd1,1,55,555,444,555,
klein,15,15QCvMBHrDvCzmPRo,1,55,555,444,555,
klein,15,15ATfdTPeRZ4T76Ty,1,55,555,444,555,
klein,15,15VU3mv012YKv8O6k,1,55,555,444,555,
klein,15,15wLjO6ns8fThQ6e1,1,55,555,444,555,
klein,15,15pAM1JXnuBny7MJM,1,55,555,444,555,
klein,15,15uqbV4Bb14STj2uS,1,55,555,444,555,
klein,15,154ugnH28GGOEQZnE,1,55,555,444,555,
klein,15,15NZ9u0lIzG4imMrJ,1,55,555,444,555,
klein,15,15UHsuMdBOutiYREA,1,55,555,444,555,
klein,15,154U7qao1xcQpqrEY,1,55,555,444,555,
klein,15,15JmbsAtNmI30z1po,1,55,555,444,555,
klein,15,15qtE0vXEB2jhaCnk,1,55,555,444,555,
klein,15,15AiNd8l6UOmCwDkC,1,55,555,444,555,
klein,15,15JYqgyhtbrIEZkWQ,1,55,555,444,555,
klein,15,15vu7mhhO4QcpYkXo,1,55,555,444,555,
klein,15,15XpvVBq7KB6Ufjlx,1,55,555,444,555,
klein,15,15BdOdqfBiBXRRIMC,1,55,555,444,555,
klein,15,15lzK1sofTRB9aRX1,1,55,555,444,555,
klein,15,15vZVeNUlAfzja2N6,1,55,555,444,555,
klein,15,15S4fQIY3k40ixHmI,1,55,555,444,555,
klein,15,15kUZLvS7H3RhpjnD,1,55,555,444,555,
klein,15,15BGMFCFfgDpSFnoB,1,55,555,444,555,
klein,15,15QMzQv0k7T8Z4EZq,1,55,555,444,555,
klein,15,15oWHUavPUtKokNk0,1,55,555,444,555,
klein,15,15PdsGXz9qHNrMLT1,1,55,555,444,555,
klein,15,15YfW5QDyeKhUSZQj,1,55,555,444,555,
klein,15,15SCH2XsQFfBGaJce,1,55,555,444,555,
klein,15,152gdCL5bYoFUsC3U,1,55,555,444,555,
klein,15,15Rm7DzuRINeGnPoq,1,55,555,444,555,
klein,15,15lxU5gVupbJDRytn,1,55,555,444,555,
klein,15,15Js9EpzzTcxo210N,1,55,555,444,555,
klein,15,15AgUQR162UBv2iFL,1,55,555,444,555,
klein,15,15AJsl4eUMDVjVseO,1,55,555,444,555,
klein,15,15fHx1hQOYlfRbuUn,1,55,555,444,555,
klein,15,15SD2rXQPUJmZ02tu,1,55,555,444,555,
klein,15,15a77AdC21n4dmLbZ,1,55,555,444,555,
klein,15,155DnCI9ew47PeNYK,1,55,555,444,555,
klein,15,15IvOHk4l500vnbDr,1,55,555,444,555,
klein,15,15kHvCFufd9chG8RR,1,55,555,444,555,
klein,15,15vzffwIPw39JqyIA,1,55,555,444,555,
klein,15,15gGGcOM7zrJ1bdZE,1,55,555,444,555,
klein,15,15b0UzlaYQ2CtSuDW,1,55,555,444,555,
klein,15,15yFT4rRXfa61NNFs,1,55,555,444,555,
klein,15,154FblHN3psD3FF84,1,55,555,444,555,
klein,15,150YVNDquN418RFfO,1,55,555,444,555,
klein,15,159DAYvtRHol24MOH,1,55,555,444,555,
klein,15,15MJJOTWZqInyhZf5,1,55,555,444,555,
klein,15,15bmkXBMbSIsYPTit,1,55,555,444,555,
klein,15,15PmwrvJEC6Q1OupX,1,55,555,444,555,
klein,15,151ZpL9WGh93Jy4XX,1,55,555,444,555,
klein,15,15hf38DpLxTxq693D,1,55,555,444,555,
klein,15,15yzAe43pzZRZe5tO,1,55,555,444,555,
klein,15,15cTP8UQfzkNEIH4q,1,55,555,444,555,
klein,15,15zRbEtigoR1XmyFI,1,55,555,444,555,
klein,15,156uJR4HNrGQ2xrps,1,55,555,444,555,
klein,15,15aI9MWOR9ikUL2hs,1,55,555,444,555,
klein,15,15mLb7wyBdJl7xpXX,1,55,555,444,555,
klein,15,15608pkyTvZIrR9Pq,1,55,555,444,555,
klein,15,156taEUS7T9gKeuCR,1,55,555,444,555,
klein,15,15JlF2HJIt2bYus5R,1,55,555,444,555,
klein,15,15t5bdz7uT7ke2vcN,1,55,555,444,555,
klein,15,15ZMtPpEDC0XH1EhC,1,55,555,444,555,
klein,15,15268KFflpdatUihZ,1,55,555,444,555,
klein,15,15RreIkbSsM4Px39M,1,55,555,444,555,
klein,15,15OTcfjzLgfEzwdJB,1,55,555,444,555,
klein,15,15Fe1GLgkspgATISe,1,55,555,444,555,
klein,15,15jo3sJPvN5lswrxi,1,55,555,444,555,
klein,15,15BFnXQ4r9AWYmJeC,1,55,555,444,555,
klein,15,15VkMwpGbNgiP90fj,1,55,555,444,555,
klein,15,15ojVtv3pq6UgDKIX,1,55,555,444,555,
klein,15,15qRGuRZjh7uCdhSA,1,55,555,444,555,
klein,15,15lgwxzyGw2EHjpRK,1,55,555,444,555,
klein,15,15JKv6AcmclmWZLa1,1,55,555,444,555,
klein,15,15utjqYsL8wQXRqcX,1,55,555,444,555,
klein,15,15TFqjnVlhNxMpaDB,1,55,555,444,555,
klein,15,15zNCBgP9CZP7CSHZ,1,55,555,444,555,
klein,15,15aeSoMPTnOuhzvkd,1,55,555,444,555,
klein,15,15S0554yQCwp7YSrV,1,55,555,444,555,
klein,15,15cNktskHG3q0rS8J,1,55,555,444,555,
klein,15,15d6fK3lFhMZSLKH8,1,55,555,444,555,
klein,15,15W6v7Tq1KUlBFp5i,1,55,555,444,555,
klein,15,15roBTUnTNUB2TzYu,1,55,555,444,555,
klein,15,150r9liFm2VIo27TG,1,55,555,444,555,
klein,15,15Ur6CkorpGB4lgS2,1,55,555,444,555,
klein,15,15xw4poB75PLlvXL8,1,55,555,444,555,
klein,15,159vP6qgnHPVGoIg6,1,55,555,444,555,
klein,15,156PnS7ntenio4bWt,1,55,555,444,555,
klein,15,156fE7yUYvU5deDhw,1,55,555,444,555,
klein,15,15eo6ixpYzn71Qer5,1,55,555,444,555,
klein,15,15ObrgQrJvGXc3DFj,1,55,555,444,555,
klein,15,158LpPEkXLjAMhgKm,1,55,555,444,555,
klein,15,15ogsILjCLsZTb3Z7,1,55,555,444,555,
klein,15,150ofpsfKeNAi7O6d,1,55,555,444,555,
klein,15,15liLdH2owH2ZUh8N,1,55,555,444,555,
klein,15,15ZaJslFqxnGWqy78,1,55,555,444,555,
klein,15,15EvMHq2Wwn0g1aVV,1,55,555,444,555,
klein,15,156Hd8JBgTGr9E9sn,1,55,555,444,555,
klein,15,15zna7WNWJuxtEecd,1,55,555,444,555,
klein,15,15MTy4qWJRyMaYwRj,1,55,555,444,555,
klein,15,152F21nsMFzBs4qyE,1,55,555,444,555,
klein,15,15uDVAZGPmnFYrmqL,1,55,555,444,555,
klein,15,15Zq5l7QhvLAmkKfY,1,55,555,444,555,
klein,15,15Cj4GJhHSdk2zgqk,1,55,555,444,555,
klein,15,15haXsgca5jadmJuf,1,55,555,444,555,
klein,15,1583Og4ax9MQnwRaO,1,55,555,444,555,
klein,15,15kGkSYLHPIVRFfKN,1,55,555,444,555,
klein,15,15tqmX9SWPvBZ2uid,1,55,555,444,555,
klein,15,15lbVgCt3To07f3Og,1,55,555,444,555,
klein,15,15JeEmsnh7np3ubqR,1,55,555,444,555,
klein,15,15fu91ajxJnEZf1yx,1,55,555,444,555,
klein,15,152duEKy9nEWuK0Vb,1,55,555,444,555,
klein,15,152TeqFhTc4HlGkUp,1,55,555,444,555,
klein,15,15IbqnTaPulcdKemk,1,55,555,444,555,
klein,15,15eguBKA1X9yfPCtQ,1,55,555,444,555,
klein,15,15p4xBUfc4VZr2lOP,1,55,555,444,555,
klein,15,15z7WOSJZJkDdPaue,1,55,555,444,555,
klein,15,15hWRcmvm28v0xWuA,1,55,555,444,555,
klein,15,15tPaDKDkh2Q7GQzF,1,55,555,444,555,
klein,15,154OvSsxyo4PWn37G,1,55,555,444,555,
klein,15,15ksEy7XneZCeLE45,1,55,555,444,555,
klein,15,15jGDyYx04EMl9SFj,1,55,555,444,555,
klein,15,157Zi3c83MAaFqcd4,1,55,555,444,555,
klein,15,15Je6rIkDd3TeGRoN,1,55,555,444,555,
klein,15,15ftUQdPUhjrAtpdt,1,55,555,444,555,
klein,15,15WV0CVupFmYWdOv8,1,55,555,444,555,
klein,15,15DqtApCPEZ9pt6QU,1,55,555,444,555,
klein,15,15kBVHUnpPQOJ6L7U,1,55,555,444,555,
klein,15,15l3zBbdhD9wraVLk,1,55,555,444,555,
klein,15,15uWtVBYy4sXCF77e,1,55,555,444,555,
klein,15,15wOwRVPP5jK3x5wG,1,55,555,444,555,
klein,15,15kr5NqZSNt7Q4xCd,1,55,555,444,555,
klein,15,15HUf6Dcsjoh3k2rI,1,55,555,444,555,
klein,15,15HxZneeSwteeZEwT,1,55,555,444,555,
klein,15,15Q4DCNVT0X3AyIhW,1,55,555,444,555,
klein,15,15ijrQZuiWguEiObT,1,55,555,444,555,
klein,15,15hhpmrU9UIbdWiE6,1,55,555,444,555,
klein,15,15qjFTCKqTNPayyo4,1,55,555,444,555,
klein,15,15rl7Z4L6KbKLvcuA,1,55,555,444,555,
klein,15,15dfmtDKRDKPgIEVm,1,55,555,444,555,
klein,15,15U1TDUgcbjZKnS8B,1,55,555,444,555,
klein,15,15o3ee5SyrVZEZbLo,1,55,555,444,555,
klein,15,15ZWltEMMegyMtV8b,1,55,555,444,555,
klein,15,15UHPJ5ImVQuTi9M7,1,55,555,444,555,
klein,15,15KZznYeGgqDjgZGj,1,55,555,444,555,
klein,15,15zOj9dGakqic6dQW,1,55,555,444,555,
klein,15,15g5Bttsa6q9i809H,1,55,555,444,555,
klein,15,15VD13nId96pBR6JV,1,55,555,444,555,
klein,15,15nXyNycgF2qfgNJ2,1,55,555,444,555,
klein,15,15Rnmcl04TFYRDCfY,1,55,555,444,555,
klein,15,15gGOG9IvJUbUN26P,1,55,555,444,555,
klein,15,15BZsr39HFcDWUDCh,1,55,555,444,555,
klein,15,152icpZ7f6tUiJrxC,1,55,555,444,555,
klein,15,15k1mARa712VZKhMr,1,55,555,444,555,
klein,15,15aVJNmo9I2WKKXVV,1,55,555,444,555,
klein,15,15iwLYibNS8xyW6pD,1,55,555,444,555,
klein,15,15QAcJPS70NrhBtZu,1,55,555,444,555,
klein,15,15x8aZdwAUZr2hUnS,1,55,555,444,555,
klein,15,154irk8LMvLSFeBkN,1,55,555,444,555,
klein,15,15zWCOKumqOc9ZcWv,1,55,555,444,555,
klein,15,15v0eYG1UiNqPKJu0,1,55,555,444,555,
klein,15,15jAzMtlYntWkevmV,1,55,555,444,555,
klein,15,15B56Avp4FUYGpYbN,1,55,555,444,555,
klein,15,158gCK1fV9A5ZMduQ,1,55,555,444,555,
klein,15,15WdzDkQUF62zu25n,1,55,555,444,555,
klein,15,15MFiGdX8x5MR7IvZ,1,55,555,444,555,
klein,15,150rFIj0LNkIcHrll,1,55,555,444,555,
klein,15,15PMRYIMQ9wTzYRIb,1,55,555,444,555,
klein,15,15r6PBKYkcZBNdFj1,1,55,555,444,555,
klein,15,155FfpNoRzz9dGDqZ,1,55,555,444,555,
klein,15,15VP2Pj0TMNgh4G9V,1,55,555,444,555,
klein,15,15yNnoJStwxIdd07U,1,55,555,444,555,
klein,15,1587f4siPAnUyjhr5,1,55,555,444,555,
klein,15,15tHuoEYppvo2qhNt,1,55,555,444,555,
klein,15,15djK5Dx1oADL0On7,1,55,555,444,555,
klein,15,15QJ9tEHE7qH75fos,1,55,555,444,555,
klein,15,15EEba8O5rCdvrzJW,1,55,555,444,555,
klein,15,15qBkANWYF4L2uotg,1,55,555,444,555,
klein,15,15KsIWeMiFEWmbR4X,1,55,555,444,555,
klein,15,15fHnlNbIHifRfdX3,1,55,555,444,555,
klein,15,15CjXpENe64kddplh,1,55,555,444,555,
klein,15,150f74XLRtlaR03h0,1,55,555,444,555,
klein,15,15o5PnbOrvi28iHrU,1,55,555,444,555,
klein,15,15lSTTbKtZdXtonn1,1,55,555,444,555,
klein,15,159X9MGCj47RjdDOh,1,55,555,444,555,
klein,15,15IZmk3unU8jFoxjd,1,55,555,444,555,
klein,15,15YtRDg3wZ9O7Cs0y,1,55,555,444,555,
klein,15,15Hs0WcKVKIXUj8mR,1,55,555,444,555,
klein,15,15U9mm37JTWO2I7A4,1,55,555,444,555,
klein,15,15zXHrUv7mITyw9AG,1,55,555,444,555,
klein,15,15iX5NWbfuHEsRBEU,1,55,555,444,555,
klein,15,15HUeNXDF2iS3VWhm,1,55,555,444,555,
klein,15,15CbigxArqZmTZtLH,1,55,555,444,555,
klein,15,15Ykb7kM71AiPrAQU,1,55,555,444,555,
klein,15,15JShG8RRiMsDXgwo,1,55,555,444,555,
klein,15,154dYZmAEELLbxowh,1,55,555,444,555,
klein,15,15AkpDdR1eEVcXBbq,1,55,555,444,555,
klein,15,15YCNX2Fy8lAsIQQa,1,55,555,444,555,
klein,15,15jv3zG4esKotOkAC,1,55,555,444,555,
klein,15,15NEkaOkkk3lBgGTt,1,55,555,444,555,
klein,15,15PzApljhUyt9bS3L,1,55,555,444,555,
klein,15,15UcQL6MX7IdJ45Dn,1,55,555,444,555,
klein,15,151jLJs4OKfL3tM0G,1,55,555,444,555,
klein,15,15yaDRryup5Ts7GMi,1,55,555,444,555,
klein,15,15595cozHWRxJVQrg,1,55,555,444,555,
klein,15,15a7S7WJsAd98cZcs,1,55,555,444,555,
klein,15,15e41nogWV4oG7hnl,1,55,555,444,555,
klein,15,15NWhch5U2EFUs6UO,1,55,555,444,555,
klein,15,15bIJIbYPXKOABceS,1,55,555,444,555,
klein,15,15VOZaqN8hD0nGM0E,1,55,555,444,555,
klein,15,15Pqi9MGra4EhoI9g,1,55,555,444,555,
klein,15,15EjnnepmnbeiJT5o,1,55,555,444,555,
klein,15,15rcHNllC5dryFpTv,1,55,555,444,555,
klein,15,15tzL9N4wVujifwAH,1,55,555,444,555,
klein,15,15JeB8VOgQv2jerWx,1,55,555,444,555,
klein,15,15AonSJPMTJasNSUL,1,55,555,444,555,
klein,15,15tnKs6XXD1ZuZHdV,1,55,555,444,555,
klein,15,15TVHSzRlAKOCMWq7,1,55,555,444,555,
klein,15,15KIUhlDetIgUgnut,1,55,555,444,555,
klein,15,15i5x1j9GdC7Kr9Kt,1,55,555,444,555,
klein,15,15emT55h3Wj3F3xLV,1,55,555,444,555,
klein,15,15SyCSHjau8AOVpYm,1,55,555,444,555,
klein,15,15IiCxC5w8pSAnLVv,1,55,555,444,555,
klein,15,15iinsDMCRu1HzVYG,1,55,555,444,555,
klein,15,15mGpREspxzt2H775,1,55,555,444,555,
klein,15,15EUysBpBbwfQb92z,1,55,555,444,555,
klein,15,15x1TMFFRA7RkwQ3g,1,55,555,444,555,
klein,15,15QyKSyfgRrW9VOyp,1,55,555,444,555,
klein,15,15a72Slx7xQFReRru,1,55,555,444,555,
klein,15,15ypOXODaaTiNvyD8,1,55,555,444,555,
klein,15,15kAH33rMQq96tcgt,1,55,555,444,555,
klein,15,15kEQSYHvpmLSadhy,1,55,555,444,555,
klein,15,15E3G8EfHU8IV4If1,1,55,555,444,555,
klein,15,15cYKw5moIPU4zGnO,1,55,555,444,555,
klein,15,15ffYhe1JHXX7e1Bo,1,55,555,444,555,
klein,15,151WR3sjkwmbnY5FC,1,55,555,444,555,
klein,15,15ZDk4tcLDPz9gx7V,1,55,555,444,555,
klein,15,15eDf0b9GCy0XIPy2,1,55,555,444,555,
klein,15,15fHTYJ43RzrGiSzx,1,55,555,444,555,
klein,15,15SQq3iL1Ew7yttVA,1,55,555,444,555,
klein,15,15ri5hvbH52w1HzDm,1,55,555,444,555,
klein,15,154XzwLiW14KQWAP2,1,55,555,444,555,
klein,15,15nHzuWQLxbSOO7V4,1,55,555,444,555,
klein,15,15Z2unaUQzqv28nmi,1,55,555,444,555,
klein,15,15mRpYlbpaPUhSPDH,1,55,555,444,555,
klein,15,15oxi6URjmY7j2Evl,1,55,555,444,555,
klein,15,15TxaSjeDo6TJwWLS,1,55,555,444,555,
klein,15,15LB7uMLjpxqRd6oL,1,55,555,444,555,
klein,15,15hYSwpjAEV4DdXrY,1,55,555,444,555,
klein,15,15KZLrYd6iVxtOQW7,1,55,555,444,555,
klein,15,15DZ11LuNFIMTaHq1,1,55,555,444,555,
klein,15,15aJYtLYzhK88TlQd,1,55,555,444,555,
klein,15,15erG0fY4oWKofa6i,1,55,555,444,555,
klein,15,15y4tGbG0IT3kYP9p,1,55,555,444,555,
klein,15,15FLFfzHzekoR5SaQ,1,55,555,444,555,
klein,15,15Q9DMkS3desI5RwZ,1,55,555,444,555,
klein,15,15vTs3UltPVOKkcWP,1,55,555,444,555,
klein,15,157kRXOUXvR57KqWH,1,55,555,444,555,
klein,15,15FmM6eSrf0NNvyhZ,1,55,555,444,555,
klein,15,15PQ9vf3awyhgoKzL,1,55,555,444,555,
klein,15,15WxzD8GdwqEScPR8,1,55,555,444,555,
klein,15,15QaNlaTcAWb4tFjp,1,55,555,444,555,
klein,15,15x853Bx6Xedh8E23,1,55,555,444,555,
klein,15,15GZNPOBj5x68he3S,1,55,555,444,555,
klein,15,15KgaI9tLWl6KLAPV,1,55,555,444,555,
klein,15,15TOmFlciwL2OqcPt,1,55,555,444,555,
klein,15,15IflYw3WgWxEg22p,1,55,555,444,555,
klein,15,15qLk6wtPHwNenDcp,1,55,555,444,555,
klein,15,15FJieLjySPSlBk9t,1,55,555,444,555,
klein,15,15ygBM67HYvl3Irvl,1,55,555,444,555,
klein,15,15zoAkTdUzo8O3Acl,1,55,555,444,555,
klein,15,15NoYaqjjNuzZpHW5,1,55,555,444,555,
klein,15,15AVFMSpDIGlLzwem,1,55,555,444,555,
klein,15,157IsyPJCao4XHqBi,1,55,555,444,555,
klein,15,15uuNTtvsa4nt1m4y,1,55,555,444,555,
klein,15,15HjVXCJKXs6SwPCw,1,55,555,444,555,
klein,15,15OonsaHmBUnFgjKX,1,55,555,444,555,
klein,15,15hCE8WJT0NmsyDxO,1,55,555,444,555,
klein,15,15LDun6UPZ02K7vXn,1,55,555,444,555,
klein,15,15KsNoidu6R2kUUN8,1,55,555,444,555,
klein,15,15AuYH5EAfe8sWEWq,1,55,555,444,555,
klein,15,15MADjlKANqzOcOVM,1,55,555,444,555,
klein,15,15YAGSwv92SqjIWx0,1,55,555,444,555,
klein,15,15JB3AIqlCy1vHiHw,1,55,555,444,555,
klein,15,153Sij7et9lxMqkxp,1,55,555,444,555,
klein,15,15oJci4CxEUlEkGIL,1,55,555,444,555,
klein,15,15kli28DC6WePXJTN,1,55,555,444,555,
klein,15,15eRmgNBEq7gigSHM,1,55,555,444,555,
klein,15,15bo4pWG4T96GrWgo,1,55,555,444,555,
klein,15,15zUPlGbtrMGqk0dQ,1,55,555,444,555,
klein,15,15oDMEWxM5nGEvmrO,1,55,555,444,555,
klein,15,155GdaNUqtmXioifz,1,55,555,444,555,
klein,15,155k4FuJi2UE6LLy1,1,55,555,444,555,
klein,15,15wEniWHKXpmyXXyu,1,55,555,444,555,
klein,15,1559uQHt9HPGcMotY,1,55,555,444,555,
klein,15,15FfeaEdoK2disi8w,1,55,555,444,555,
klein,15,15tEoZuFkwE1DymNk,1,55,555,444,555,
klein,15,15YYmhDUYYYCsjDh9,1,55,555,444,555,
klein,15,15C5HUwaFIjiMRWCS,1,55,555,444,555,
klein,15,15XFQfhLVEnVHtqai,1,55,555,444,555,
klein,15,159f53Z5pgx2VUtXt,1,55,555,444,555,
klein,15,15iSRA4MDdC8KXxdR,1,55,555,444,555,
klein,15,15CM026KHZe82Ftvt,1,55,555,444,555,
klein,15,15OH140OTG7m5poCX,1,55,555,444,555,
klein,15,15lJqwTqiR8SlJJ0j,1,55,555,444,555,
klein,15,15BTgIFNVJbblNDJK,1,55,555,444,555,
klein,15,15csie3U6zknQRrPU,1,55,555,444,555,
klein,15,15HoPxbrGvRoNJ7gn,1,55,555,444,555,
klein,15,15Y7KKeD6DMCfmdGL,1,55,555,444,555,
klein,15,15hCm2bk0eeaHp8sB,1,55,555,444,555,
klein,15,15FnLwzAKscYcYNFM,1,55,555,444,555,
klein,15,15gvlU8kMSFeggEIi,1,55,555,444,555,
klein,15,15W2RKQGD863Mb4Ro,1,55,555,444,555,
klein,15,15zKd5KiDq5Ip3LPp,1,55,555,444,555,
klein,15,15AO2uqENucxYlzFQ,1,55,555,444,555,
klein,15,155RExZXpinDEcmKI,1,55,555,444,555,
klein,15,15pzuNO1n6gXPkq6L,1,55,555,444,555,
klein,15,15T82GDG1FQ9wIAQk,1,55,555,444,555,
klein,15,15kRQQ0p9CQ7E7E7I,1,55,555,444,555,
klein,15,15C31ABiWP70SaX0E,1,55,555,444,555,
klein,15,15NuoMYARO5NflHUm,1,55,555,444,555,
klein,15,15dMKVMJhMqi4pU1J,1,55,555,444,555,
klein,15,15IAhYnMx5FfZVbhV,1,55,555,444,555,
klein,15,15IlmBnNbFeBAbe0k,1,55,555,444,555,
klein,15,15no8ErXluosRf7Bj,1,55,555,444,555,
klein,15,15lzSP3vX46aOkYgh,1,55,555,444,555,
klein,15,15aEewTePLzib55tN,1,55,555,444,555,
klein,15,15aD2bnvLXypwH75R,1,55,555,444,555,
klein,15,15BgtZEPLUYQ3hIYE,1,55,555,444,555,
klein,15,15GgsTHFx61WiYnEK,1,55,555,444,555,
klein,15,15HFS51A3iku8Ppwf,1,55,555,444,555,
klein,15,15SxCwNGw5sCP2LTB,1,55,555,444,555,
klein,15,15htOr3WKYZGBwdyO,1,55,555,444,555,
klein,15,15jSIL1EzYinKTltb,1,55,555,444,555,
klein,15,15bGIy3ab8OWYjjYf,1,55,555,444,555,
klein,15,15rddDw14If6SpQkq,1,55,555,444,555,
klein,15,151ICNa4Mjshe2i9P,1,55,555,444,555,
klein,15,15iWu9JyYb4VuRk7c,1,55,555,444,555,
klein,15,15LJ2llaVWwyMViGf,1,55,555,444,555,
klein,15,15OKMb0PD6bijLroN,1,55,555,444,555,
klein,15,15SeZn9x5frUy3ZV1,1,55,555,444,555,
klein,15,157s6YoQ8XwLRXiyi,1,55,555,444,555,
klein,15,15IKy7nOitD5Nw6aF,1,55,555,444,555,
klein,15,15dEeDmBugOTINiDe,1,55,555,444,555,
klein,15,158EgFHwMdFhU19Ez,1,55,555,444,555,
klein,15,15dkyHfwHstjOQMkO,1,55,555,444,555,
klein,15,15QZJHZ4pN91u2xpB,1,55,555,444,555,
klein,15,15ypm4AwfDHj02rMJ,1,55,555,444,555,
klein,15,15sGQ2YFJsw0aUxgz,1,55,555,444,555,
klein,15,158L8L0MP7paktOBb,1,55,555,444,555,
klein,15,15U77VtUXBzwOEWQM,1,55,555,444,555,
klein,15,15xBBR2HGM06XTzZh,1,55,555,444,555,
klein,15,15wypNfZ3r89UnHHP,1,55,555,444,555,
klein,15,15i9mxy6mqxVLsuEC,1,55,555,444,555,
klein,15,15OVCx9xAEfXKJRb9,1,55,555,444,555,
klein,15,15DCd49OCNMnvNLiF,1,55,555,444,555,
klein,15,15YJbpx4wOa81LFPH,1,55,555,444,555,
klein,15,15ovwLyx8SEG2vVd4,1,55,555,444,555,
klein,15,15gY39uAQRXPqCqaA,1,55,555,444,555,
klein,15,15Ef0r9JtINJCYv1v,1,55,555,444,555,
klein,15,15Aa3XjM0StDyzCEy,1,55,555,444,555,
klein,15,15T0DWTCP56kbOsVw,1,55,555,444,555,
klein,15,15NPucPbSLAaLBakM,1,55,555,444,555,
klein,15,15oDjHoalz4AhXduH,1,55,555,444,555,
klein,15,15DPIfUu6t2y9NKES,1,55,555,444,555,
klein,15,15YqNsSCbmaEsZk7L,1,55,555,444,555,
klein,15,15p6CscGAIkC7Hhf6,1,55,555,444,555,
klein,15,15ixSegKm5gMqHJqn,1,55,555,444,555,
klein,15,15WhOGMmEoMhd3lHA,1,55,555,444,555,
klein,15,15BX9CFartGxkMBNG,1,55,555,444,555,
klein,15,152IyFbsTtSn7dUAw,1,55,555,444,555,
klein,15,15CKcf9YqumTNM8zv,1,55,555,444,555,
klein,15,15BPCBmaGEGHhkbe9,1,55,555,444,555,
klein,15,15TUATe7qCRFCRb5A,1,55,555,444,555,
klein,15,15q4jGPqPQqslLM4e,1,55,555,444,555,
klein,15,15Ppd84UsCzXP7hjL,1,55,555,444,555,
klein,15,15Xo9OSAIc1Xi1vrK,1,55,555,444,555,
klein,15,159iAPRyEiNqsHJuB,1,55,555,444,555,
klein,15,15iSjaWIAmQoLlta9,1,55,555,444,555,
klein,15,15L2MvgbR3g1dePLP,1,55,555,444,555,
klein,15,15wMNGKZGRZ8S7lYE,1,55,555,444,555,
klein,15,15BdCywUPtuIrm9IY,1,55,555,444,555,
klein,15,15RhPJd2gxzAHW1HL,1,55,555,444,555,
klein,15,15PpBXgXBoFzFwyPJ,1,55,555,444,555,
klein,15,15gM5MrPTUE02zG8m,1,55,555,444,555,
klein,15,15uFP25NIEFRHN6Cd,1,55,555,444,555,
klein,15,15oXIw0HmsMp41XCQ,1,55,555,444,555,
klein,15,15QPdnj0d5SYJW7oM,1,55,555,444,555,
klein,15,15AERdkWD32kp8QSu,1,55,555,444,555,
klein,15,15i2ibVT7dmwqUUrS,1,55,555,444,555,
klein,15,15L2nzjsNsUwNtMXC,1,55,555,444,555,
klein,15,15GGiieZ1MNYeA1Zp,1,55,555,444,555,
klein,15,15u6Guuw803sNyy0y,1,55,555,444,555,
klein,15,151OW423g0AguC6pp,1,55,555,444,555,
klein,15,15qLFN4QnxdhLvBpn,1,55,555,444,555,
klein,15,158GdAPUl08BoqEmB,1,55,555,444,555,
klein,15,15PSMU8E9F5okcU5U,1,55,555,444,555,
klein,15,15QK8Flq5S8N6JLtL,1,55,555,444,555,
klein,15,15jdmvggQBZGoTyqI,1,55,555,444,555,
klein,15,15Q7ppdWqKOjdu2Dc,1,55,555,444,555,
klein,15,15vuJvC5Oo7ofWOsK,1,55,555,444,555,
klein,15,15vl7DsYiehEEnvBk,1,55,555,444,555,
klein,15,15cModxipdbBOI4m8,1,55,555,444,555,
klein,15,159LMVQbZ3gI8HWrt,1,55,555,444,555,
klein,15,15kpsJSoxKhXuaVNA,1,55,555,444,555,
klein,15,152ir66Iew7MC2uJJ,1,55,555,444,555,
klein,15,15U5Uik9ToKNE7SFv,1,55,555,444,555,
klein,15,15N6SFpA33EdyKlXD,1,55,555,444,555,
klein,15,15MivoBAcX44MdG5u,1,55,555,444,555,
klein,15,15qChGRDl86H9rgDh,1,55,555,444,555,
klein,15,15vkWvjXUHIXbc61W,1,55,555,444,555,
klein,15,15tNX4LOYVd6Vix2d,1,55,555,444,555,
klein,15,15BgN4dDDw1z9fbYr,1,55,555,444,555,
klein,15,15F4M6sMKN5roB5fI,1,55,555,444,555,
klein,15,15rKIA7nZwUvh1aRC,1,55,555,444,555,
klein,15,154iBw8Fx5qyXRwVX,1,55,555,444,555,
klein,15,156OpUywoQS0MbOTx,1,55,555,444,555,
klein,15,15ohP2uyhVDNZ65l1,1,55,555,444,555,
klein,15,15k17X7X3BBPxQwDK,1,55,555,444,555,
klein,15,15jhBWRvg0L991o4d,1,55,555,444,555,
klein,15,15JNXgUdmAFpyjQI7,1,55,555,444,555,
klein,15,15KA2iMG2G29fMevx,1,55,555,444,555,
klein,15,15MmOd7b56X8gCuDr,1,55,555,444,555,
klein,15,15m24Oxxi5DC7SARY,1,55,555,444,555,
klein,15,15dPiLhm8GxTxXMsH,1,55,555,444,555,
klein,15,15DO6auvOOSMYcrvd,1,55,555,444,555,
klein,15,15dBNGDos8oDkNH6A,1,55,555,444,555,
klein,15,15Kq0l5SPa1yo5Ajp,1,55,555,444,555,
klein,15,15r7lIT49tunssH0c,1,55,555,444,555,
klein,15,15lsLRLQ6ZtXwCxtp,1,55,555,444,555,
klein,15,15SKUdacP2bVfl6c1,1,55,555,444,555,
klein,15,156GhgVJONf9tNz4T,1,55,555,444,555,
klein,15,15YJWNwQxonQOlRnD,1,55,555,444,555,
klein,15,15n22KFcGLqMo9b5N,1,55,555,444,555,
klein,15,15bTU1sAh3CzPa70O,1,55,555,444,555,
klein,15,1500h6i9xAMMkgBnS,1,55,555,444,555,
klein,15,15YdJSjtH5hzAjePB,1,55,555,444,555,
klein,15,15j6MG53eqcePhgJR,1,55,555,444,555,
klein,15,15dZT7lOVyjHiSi42,1,55,555,444,555,
klein,15,15vgeWdI9RtK9KIm9,1,55,555,444,555,
klein,15,15MvsG21XE6Qz3RYj,1,55,555,444,555,
klein,15,15zngXDyPPat9FkpI,1,55,555,444,555,
klein,15,15w5cT5ZGMCrYNcQQ,1,55,555,444,555,
klein,15,15g6PDLs3BbyRCcUl,1,55,555,444,555,
klein,15,159TcvvXXjbyr5weN,1,55,555,444,555,
klein,15,15a8aGCmAhVo1pKod,1,55,555,444,555,
klein,15,15lnCDD0LdpBLX5i2,1,55,555,444,555,
klein,15,155NVSK8l4u75phLk,1,55,555,444,555,
klein,15,15K41cmF9A3MlYi2Z,1,55,555,444,555,
klein,15,15zEcPnaneprVfYA4,1,55,555,444,555,
klein,15,15OAwOyAbBwfMuvhI,1,55,555,444,555,
klein,15,15pO74EcGgDHAWtWL,1,55,555,444,555,
klein,15,155OuV0BbfDp0kEVD,1,55,555,444,555,
klein,15,15ebWlji3KyHdTy5d,1,55,555,444,555,
klein,15,15D6KCGdW19UaSpZk,1,55,555,444,555,
klein,15,150C9z8qw0DgfGRmu,1,55,555,444,555,
klein,15,15DLyCPuvse97D6aQ,1,55,555,444,555,
klein,15,15kAppBkTImsT4jTp,1,55,555,444,555,
klein,15,15d5iCpAKkpXALo9W,1,55,555,444,555,
klein,15,155ntqPDrWAMHy8AM,1,55,555,444,555,
klein,15,155q7Y325kSlwLzwG,1,55,555,444,555,
klein,15,15HSATVoOpaOhjOV8,1,55,555,444,555,
klein,15,15NNCKEoI9IR1rjTf,1,55,555,444,555,
klein,15,15umnRK07EsJMGMA2,1,55,555,444,555,
klein,15,15LPwLmU2LC0lr9hi,1,55,555,444,555,
klein,15,153PjQ6QxSdua7V0G,1,55,555,444,555,
klein,15,15OZX3FVhqcXb75Rs,1,55,555,444,555,
klein,15,15NsDa23JhjOxGq0T,1,55,555,444,555,
klein,15,15oNiKGA4JjkYJ2a7,1,55,555,444,555,
klein,15,15AeDGz8zHEUevTPV,1,55,555,444,555,
klein,15,15wOKSOanSsv0LvSd,1,55,555,444,555,
klein,15,152yMFQtrDqRMsX9Q,1,55,555,444,555,
klein,15,15X3eCX9jXZlvi4BM,1,55,555,444,555,
klein,15,15kjl2UNWMn4PiuK6,1,55,555,444,555,
klein,15,15g620huKMXuiQEjr,1,55,555,444,555,
klein,15,15YUwiZSEdtCicb0o,1,55,555,444,555,
klein,15,15kJfhsTorVMAIvs5,1,55,555,444,555,
klein,15,15kieyhCreTVe0xPP,1,55,555,444,555,
klein,15,15wfPzmsFAa0lFvn3,1,55,555,444,555,
klein,15,15e4kJQxfLdImqqQp,1,55,555,444,555,
klein,15,158tSoRmAktqI1cxD,1,55,555,444,555,
klein,15,15yeMRslh8RZupRxK,1,55,555,444,555,
klein,15,151cbhnlQBWNGN3Ia,1,55,555,444,555,
klein,15,15hOlp9o359B2psUx,1,55,555,444,555,
klein,15,15wDyXI3PkG0XnP9h,1,55,555,444,555,
klein,15,15wT5qBOLYJdipUkh,1,55,555,444,555,
klein,15,15iXt2OEJkViJrwTX,1,55,555,444,555,
klein,15,15hJkX1UZHEEyhiGE,1,55,555,444,555,
klein,15,158imXD6ysud6mnjS,1,55,555,444,555,
klein,15,15L07IDuiGn2jlVSk,1,55,555,444,555,
klein,15,15H9uHg6DYN0zixnI,1,55,555,444,555,
klein,15,15QMFnXH26kbguqHb,1,55,555,444,555,
klein,15,15SJabcpCVfrKAYz5,1,55,555,444,555,
klein,15,15HrVO3YDB72Uvyh9,1,55,555,444,555,
klein,15,15h969VQwQrk8pWro,1,55,555,444,555,
klein,15,154o0KUp21S940CGs,1,55,555,444,555,
klein,15,15QmCFIuGrk8z486g,1,55,555,444,555,
klein,15,15z1e9u0bUxc9ACEs,1,55,555,444,555,
klein,15,1533jyhiFWi70AdL3,1,55,555,444,555,
klein,15,15eaTg1T74TeSPoO0,1,55,555,444,555,
klein,15,15kvpeN2R03k9tKme,1,55,555,444,555,
klein,15,15E9ixeOTpXa2ADZR,1,55,555,444,555,
klein,15,15oE4X6hmqssEgQlV,1,55,555,444,555,
klein,15,15Kd0cy6ILTbgWYrq,1,55,555,444,555,
klein,15,15Qien2kskUsjhCks,1,55,555,444,555,
klein,15,15pthRD0oGCx0PoBa,1,55,555,444,555,
klein,15,156MxIvoQtkkiA27k,1,55,555,444,555,
klein,15,15DLd3vE4l3oXDedP,1,55,555,444,555,
klein,15,15K6HHn0PbNhGAlJ2,1,55,555,444,555,
klein,15,15PW8HeCYNVFk1xGZ,1,55,555,444,555,
klein,15,15P9bml3Ag8gu8zNd,1,55,555,444,555,
klein,15,15XJ77x0mcFYfBNGb,1,55,555,444,555,
klein,15,15wUCMVFw7yIqKTa2,1,55,555,444,555,
klein,15,15BR6cSzOyvnkDNfA,1,55,555,444,555,
klein,15,15N0AFeewtlIFMgxN,1,55,555,444,555,
klein,15,15D0PRrYr116RKqVA,1,55,555,444,555,
klein,15,15FCDC0iEmCvAwBRu,1,55,555,444,555,
klein,15,15BKV2m1jvwviL7Sx,1,55,555,444,555,
klein,15,15vGJPhdgN8Fzvan5,1,55,555,444,555,
klein,15,15lesQHIUjkq2LheD,1,55,555,444,555,
klein,15,15ZVgdf1Ck4FsBtHU,1,55,555,444,555,
klein,15,156sYI39CNBFUfAoY,1,55,555,444,555,
klein,15,15VNCZnQTb9ueTfXM,1,55,555,444,555,
klein,15,15gs2i9tUQGVUtcXa,1,55,555,444,555,
klein,15,15D7tJVlUUpZTSYlY,1,55,555,444,555,
klein,15,15MkCjiIStexHLw7s,1,55,555,444,555,
klein,15,15qjO8J6omJMC77ea,1,55,555,444,555,
klein,15,15PHSMAZjWySeRMdY,1,55,555,444,555,
klein,15,151ajEWbIJ3QXIQqY,1,55,555,444,555,
klein,15,15lBluIGKvbOHUNw1,1,55,555,444,555,
klein,15,154GNe9RDPNxoVkHH,1,55,555,444,555,
klein,15,15aFwrkk6XALKazAL,1,55,555,444,555,
klein,15,15t0tW2XHuPjcUL0j,1,55,555,444,555,
klein,15,15wM5ELLONHcZsrtr,1,55,555,444,555,
klein,15,15wscyLC2IaOWb4KU,1,55,555,444,555,
klein,15,15P5fjMSZUn8uHh75,1,55,555,444,555,
klein,15,15Ff3QLND4X5HqGLp,1,55,555,444,555,
klein,15,15MHof0Km08G8cJka,1,55,555,444,555,
klein,15,15ArjIz7hTHwpcLvJ,1,55,555,444,555,
klein,15,15A1PNs6GPXN5ndCV,1,55,555,444,555,
klein,15,15c35xZEzNfNKYsf4,1,55,555,444,555,
klein,15,150D2hDYNGODBeLM9,1,55,555,444,555,
klein,15,151BMm39ex4lf2h2l,1,55,555,444,555,
klein,15,155xbsJYZk7I4o2OK,1,55,555,444,555,
klein,15,15KZUlsjAfw8VYyjh,1,55,555,444,555,
klein,15,154hrH298B61VcBDH,1,55,555,444,555,
klein,15,15COnQGrvHbb7Rrjk,1,55,555,444,555,
klein,15,15VBD4z5GE1Jy71Qo,1,55,555,444,555,
klein,15,15kwgqQinKf119vdv,1,55,555,444,555,
klein,15,15ybp02NZiwik4IMC,1,55,555,444,555,
klein,15,15dkipvTXbGf8TdpK,1,55,555,444,555,
klein,15,15aIgQQ3UGJjScyeZ,1,55,555,444,555,
klein,15,15GEUxG76ycpe7GR6,1,55,555,444,555,
klein,15,15fNiKveND31xzPJB,1,55,555,444,555,
klein,15,15mnynQBuoK2lgAbP,1,55,555,444,555,
klein,15,15Zfdm06Yy5P5aKcY,1,55,555,444,555,
klein,15,15YegTkCEm8holi2p,1,55,555,444,555,
klein,15,15lHH3AN410VI3z1r,1,55,555,444,555,
klein,15,15TtXXbwzJsMjRhFt,1,55,555,444,555,
klein,15,15LsPyu1994CVn4a2,1,55,555,444,555,
klein,15,15W2D7JmmaJZejv3C,1,55,555,444,555,
klein,15,151I8s8XXLtkE4yGH,1,55,555,444,555,
klein,15,15TVyRFbJe0Dr27OJ,1,55,555,444,555,
klein,15,15HWYb04dIAGCvrmT,1,55,555,444,555,
klein,15,15hef5LhkxtHYazm3,1,55,555,444,555,
klein,15,15YPlRpfBZO4V6m7M,1,55,555,444,555,
klein,15,15HrmEfSG49zG7kQi,1,55,555,444,555,
klein,15,15W186V8AsPf2YDBs,1,55,555,444,555,
klein,15,15qDndbPSiWKBgYPN,1,55,555,444,555,
klein,15,15OaUOkeGtxs1xQGi,1,55,555,444,555,
klein,15,15J5nylVeN5S1snFH,1,55,555,444,555,
klein,15,15knaQ2jCF9U0rToc,1,55,555,444,555,
klein,15,15CGK2KHvOHeZhJgk,1,55,555,444,555,
klein,15,15bpbLc65R1S7i1jj,1,55,555,444,555,
klein,15,15pNfQbFunmRE5UP6,1,55,555,444,555,
klein,15,15l2qVftWB98whwOE,1,55,555,444,555,
klein,15,15yOvAudzk7LcwBuL,1,55,555,444,555,
klein,15,150ilwJT3KipGDOph,1,55,555,444,555,
klein,15,15KJIcDd5AP1EnxSf,1,55,555,444,555,
klein,15,15bGPeMTzoC3CO7KT,1,55,555,444,555,
klein,15,15asrKSdeBB3FuAZZ,1,55,555,444,555,
klein,15,15BaVLQULwcVHSKmQ,1,55,555,444,555,
klein,15,15xZ5fLtOkur8gQJw,1,55,555,444,555,
klein,15,15DZ6GnfLV2Q7MtUw,1,55,555,444,555,
klein,15,15fUjgqB9TCNQRCrN,1,55,555,444,555,
klein,15,154DIjIvVtwbPkcfw,1,55,555,444,555,
klein,15,15ZMGjfYHqfZ4xvtb,1,55,555,444,555,
klein,15,15YZPJWBfft9MJR1S,1,55,555,444,555,
klein,15,15W8gIS5wdesI6O4O,1,55,555,444,555,
klein,15,15wtjRah7GESg6Ipk,1,55,555,444,555,
klein,15,155eTXJSHb55BNxQ8,1,55,555,444,555,
klein,15,15o4v420kTw8Egouo,1,55,555,444,555,
klein,15,15SSbQQ0P0OvMivC3,1,55,555,444,555,
klein,15,15NSOyTy3FYrNe7d7,1,55,555,444,555,
klein,15,15mVeqvkhk1X7CFcL,1,55,555,444,555,
klein,15,1565kecrqO8gZFRz3,1,55,555,444,555,
klein,15,15UjuqWhElzJ88Om5,1,55,555,444,555,
klein,15,15WJdTG6Kp2u0qJ9C,1,55,555,444,555,
klein,15,15ZuF71JoxynM3Jln,1,55,555,444,555,
klein,15,15xuv4Bi7vx7HbemI,1,55,555,444,555,
klein,15,15DmZir4MJv4puoA5,1,55,555,444,555,
klein,15,15RaCXwGwISH2pPsR,1,55,555,444,555,
klein,15,151THuvFDEfip8jqD,1,55,555,444,555,
klein,15,15f4Xb1ZxPREM2fKa,1,55,555,444,555,
klein,15,153ZChFuuVTXDLkDR,1,55,555,444,555,
klein,15,15YJuHTt0pYvZYr80,1,55,555,444,555,
klein,15,15CcqXqrh7y6nlmTw,1,55,555,444,555,
klein,15,15ZvjGXsW4oSUcXn0,1,55,555,444,555,
klein,15,15FnoTKhcju3MwAXB,1,55,555,444,555,
klein,15,15oNUvBcbRUxDqEio,1,55,555,444,555,
klein,15,150i7OptUhcZgCb7T,1,55,555,444,555,
klein,15,15Hi57pV0Hu7cTVcT,1,55,555,444,555,
klein,15,15InntAg7oi2z73hy,1,55,555,444,555,
klein,15,15rWliNwXOUc5ZZCb,1,55,555,444,555,
klein,15,15C5K9DQvArIHYNT9,1,55,555,444,555,
klein,15,15E2Cy42Ifdh3nBQT,1,55,555,444,555,
klein,15,15qzmeBrM6aOzDptx,1,55,555,444,555,
klein,15,15nG4anP7XMoFBtSz,1,55,555,444,555,
klein,15,15NRGiHUeINBT0iYu,1,55,555,444,555,
klein,15,15XR9o5hZHCa61XTu,1,55,555,444,555,
klein,15,15Xd8WRwS1r6utYk0,1,55,555,444,555,
klein,15,15ayHV1tfFZwpaR6k,1,55,555,444,555,
klein,15,15teU5OAXrEVsHaPx,1,55,555,444,555,
klein,15,15N4hLGLvALJbcxwm,1,55,555,444,555,
klein,15,15xjZPXBsOJmOKc84,1,55,555,444,555,
klein,15,15MOIPajSEG1hmfxo,1,55,555,444,555,
klein,15,15aygushOWpWhZQYO,1,55,555,444,555,
klein,15,15pZpnxoWkduvuNHU,1,55,555,444,555,
klein,15,15UwRJTHSe4Z0zjfa,1,55,555,444,555,
klein,15,151yKkLeOm5vx7jzd,1,55,555,444,555,
klein,15,15FRbjU3guEiW5AYd,1,55,555,444,555,
klein,15,158xivwrMBh706pey,1,55,555,444,555,
klein,15,150mJ8bugRKvrwcEc,1,55,555,444,555,
klein,15,15Vj2LMFnbMf5sj63,1,55,555,444,555,
klein,15,15pstDSQhW06z5IB3,1,55,555,444,555,
klein,15,15tf1z4lMKqECYoNv,1,55,555,444,555,
klein,15,156DvegusGRSxgzfk,1,55,555,444,555,
klein,15,15OxOcoZW6KyPzFyi,1,55,555,444,555,
klein,15,15kvemHRZP0OLraEC,1,55,555,444,555,
klein,15,155hnqHJThiR4J4Cl,1,55,555,444,555,
klein,15,15bEmnCxFqtM6FFqt,1,55,555,444,555,
klein,15,15HinMm7Vb5I3f9Rm,1,55,555,444,555,
klein,15,1573NpAIbsgtcSBwv,1,55,555,444,555,
klein,15,15iRJBJj0YKLBOZOk,1,55,555,444,555,
klein,15,15mJWmGdjt4RQcLyz,1,55,555,444,555,
klein,15,15H0AIFVmdEKoQjBo,1,55,555,444,555,
klein,15,151KDHocwmAkHPuxr,1,55,555,444,555,
klein,15,15oZp2D2ybOY1XMFB,1,55,555,444,555,
klein,15,15TRizQ5l9iVNDhqW,1,55,555,444,555,
klein,15,15KWOinQDkoatJ38E,1,55,555,444,555,
klein,15,15DPGCuZYXjyUcYtm,1,55,555,444,555,
klein,15,15ef5uEU7WK5aGgzm,1,55,555,444,555,
klein,15,15xUFF6MJecfd5s19,1,55,555,444,555,
klein,15,153m3o4AvivVX7U0e,1,55,555,444,555,
klein,15,15uqmVp1nrMOWupSZ,1,55,555,444,555,
klein,15,15ArAPas15BU6zBWH,1,55,555,444,555,
klein,15,15Mp81DXsQCdIJ4TC,1,55,555,444,555,
klein,15,15VScAvjgMAfiB9zx,1,55,555,444,555,
klein,15,15R2yn4tm5tDLj7XQ,1,55,555,444,555,
klein,15,150B70UMgk1jCVNPp,1,55,555,444,555,
klein,15,15Ln4vCjqgP5pVNH4,1,55,555,444,555,
klein,15,15sgpDcM1P3mBUkJa,1,55,555,444,555,
klein,15,153aKVaxVrpouhFu8,1,55,555,444,555,
klein,15,15yBwnijHKQ6L809t,1,55,555,444,555,
klein,15,15zoIbclBex1CxSyc,1,55,555,444,555,
klein,15,15VZ6FSdBhLI8TVOf,1,55,555,444,555,
klein,15,15jdXdYhm1bTpbOQf,1,55,555,444,555,
klein,15,15mVGkVoNQc61NYrl,1,55,555,444,555,
klein,15,15bkn0dh0yiZZLU44,1,55,555,444,555,
klein,15,15ozJTBQ8DOKlQtDh,1,55,555,444,555,
klein,15,15o2EZOR3ja9oXMcw,1,55,555,444,555,
klein,15,15VDKoY3gxz1pr8hb,1,55,555,444,555,
klein,15,15BABtYpbJlXXiEsC,1,55,555,444,555,
klein,15,157sW2wOPN8qA5mR7,1,55,555,444,555,
klein,15,15uhGdZ8GVVzMyrqe,1,55,555,444,555,
klein,15,15rPdbL2Ir0WpFKYW,1,55,555,444,555,
klein,15,15Osed5qLoUTFF02l,1,55,555,444,555,
klein,15,15uWcGM4kTnnMbZTF,1,55,555,444,555,
klein,15,15m0OwQvt8ecgtONc,1,55,555,444,555,
klein,15,15Doym3bVocMyaIj5,1,55,555,444,555,
klein,15,15QDuR3erRcuNwGk9,1,55,555,444,555,
klein,15,153BAFoBxjhbOy5b0,1,55,555,444,555,
klein,15,1554EfsBsEV1JfDxx,1,55,555,444,555,
klein,15,15scxqZdRRQ10oaMd,1,55,555,444,555,
klein,15,150Qo8X3LLBeyXcxa,1,55,555,444,555,
klein,15,15wxv0BsfHW6MIzvK,1,55,555,444,555,
klein,15,15rHRPbuFwnAGFtCO,1,55,555,444,555,
klein,15,15OhvmrypDMGwc0z7,1,55,555,444,555,
klein,15,15aIWtMbetLUtglhu,1,55,555,444,555,
klein,15,15l7GUesVjNwWSoLy,1,55,555,444,555,
klein,15,15SMbEE4hSe5wt8XG,1,55,555,444,555,
klein,15,15U8NsnjY5UUpiCQO,1,55,555,444,555,
klein,15,151866OxbZAmpyqSm,1,55,555,444,555,
klein,15,15CdSmgSvtk7GVaRS,1,55,555,444,555,
klein,15,15ZCIFrCXuyOVCRvy,1,55,555,444,555,
klein,15,15XoCkC0kh4Fbb9V3,1,55,555,444,555,
klein,15,154yWxerAxE51kDgj,1,55,555,444,555,
klein,15,15JMb0NKDU6eHp7Vl,1,55,555,444,555,
klein,15,15k3FSC2YLV8L4AUm,1,55,555,444,555,
klein,15,15UyxEgvFxLzFzdt4,1,55,555,444,555,
klein,15,15k11qEFGZkTJvrS2,1,55,555,444,555,
klein,15,15ETEyausrUcAh52M,1,55,555,444,555,
klein,15,15YQbi8CRifLxj5WO,1,55,555,444,555,
klein,15,15Xen6OzwsMrWjgt3,1,55,555,444,555,
klein,15,15kC6lkzOIQNatmWK,1,55,555,444,555,
klein,15,15Xj5e7khOfkuIyZe,1,55,555,444,555,
klein,15,15IyBW8VFh6nskXwd,1,55,555,444,555,
klein,15,15Y3WJzWzvGzupMlf,1,55,555,444,555,
klein,15,15JhCc7i1g2BdlbTh,1,55,555,444,555,
klein,15,15MSKKVeD1G20dERd,1,55,555,444,555,
klein,15,1575zHvIsoM2zUKH6,1,55,555,444,555,
klein,15,15l6pSkeUym94rBhA,1,55,555,444,555,
klein,15,15Bj00YAj92NYZp1Z,1,55,555,444,555,
klein,15,15qUt28IScraqfC5N,1,55,555,444,555,
klein,15,15YAkiJKsSSriZEQf,1,55,555,444,555,
klein,15,153jPVjyq0VJ2T5cC,1,55,555,444,555,
klein,15,15mzbiuFgCfZx3i8r,1,55,555,444,555,
klein,15,15y3AEM3jlAVhoqHG,1,55,555,444,555,
klein,15,15HHvHFABY6u4kZmx,1,55,555,444,555,
klein,15,15r5IsE0bePxWdkE4,1,55,555,444,555,
klein,15,15jjlsKHRMewj236g,1,55,555,444,555,
klein,15,15W3AreQUwv0qN4a7,1,55,555,444,555,
klein,15,15CxjSr5nu662p2pa,1,55,555,444,555,
klein,15,1539nh0QXP0X7ukb9,1,55,555,444,555,
klein,15,15SANhpOClusidH9G,1,55,555,444,555,
klein,15,15CPpu0lRjbPAEsnL,1,55,555,444,555,
klein,15,150oF1uwhB7RjEieM,1,55,555,444,555,
klein,15,15RNJETL2jZXGMf2u,1,55,555,444,555,
klein,15,15JyEopBTn9xILfs8,1,55,555,444,555,
klein,15,15oxreUcRQCm7LcBZ,1,55,555,444,555,
klein,15,15RoB38aVSFnfxYQz,1,55,555,444,555,
klein,15,15yyDO45K3P4n8NSw,1,55,555,444,555,
klein,15,154kvhlZPmNTxzq0b,1,55,555,444,555,
klein,15,15JR5kPbOV5MwjXkh,1,55,555,444,555,
klein,15,15tigN455cTk2EInO,1,55,555,444,555,
klein,15,152rM65yRgdwfpwu6,1,55,555,444,555,
klein,15,15g0T8azNSpIS5vzX,1,55,555,444,555,
klein,15,15AEzVbQeFkrGjm3a,1,55,555,444,555,
klein,15,157B9pmdeSwlGqP2M,1,55,555,444,555,
klein,15,15tPvNR0pnHbl0nxl,1,55,555,444,555,
klein,15,156SppTGdmEwptq4y,1,55,555,444,555,
klein,15,153bOBwT06xTLdL7I,1,55,555,444,555,
klein,15,15xDss5aezft0z8Ce,1,55,555,444,555,
klein,15,15rApiF8wqvkA6Wwo,1,55,555,444,555,
klein,15,15twMsh3QzmkDV6PS,1,55,555,444,555,
klein,15,15VOfEjj66BQRiJEo,1,55,555,444,555,
klein,15,158w4VYEGXPTBNSnT,1,55,555,444,555,
klein,15,15rP1TWBpZNMpJyYS,1,55,555,444,555,
klein,15,15I1r0cHgzdebQilm,1,55,555,444,555,
klein,15,15h0qezLXItxpk1iw,1,55,555,444,555,
klein,15,15Trarkd5BeUp37jR,1,55,555,444,555,
klein,15,15PKJTCLXgQeQdYcr,1,55,555,444,555,
klein,15,151s6VrFUzDDfpDnX,1,55,555,444,555,
klein,15,15A1NYU15dJGvWc8U,1,55,555,444,555,
klein,15,15JrEsiZCYjfKs9mX,1,55,555,444,555,
klein,15,15hy4KnfFEwDM1PVp,1,55,555,444,555,
klein,15,15QMk1S8uPZuBgwsJ,1,55,555,444,555,
klein,15,15sTvaaJPdJU7ID0n,1,55,555,444,555,
klein,15,15xBLmJIXN28ul34C,1,55,555,444,555,
klein,15,15tem3R1Q4U9bfibL,1,55,555,444,555,
klein,15,15R5xR96NZPygVRxZ,1,55,555,444,555,
klein,15,15FMiusDbuhrvGHTE,1,55,555,444,555,
klein,15,15LedNudT5sCaqlWs,1,55,555,444,555,
klein,15,155S8Lj4nmXU0aghd,1,55,555,444,555,
klein,15,151vn38pRwJJlWJSv,1,55,555,444,555,
klein,15,15MG6z4DNuJxivpGH,1,55,555,444,555,
klein,15,15zGJwhqXBxH6d0Ew,1,55,555,444,555,
klein,15,15tXP1ovuBiTxOSvC,1,55,555,444,555,
klein,15,15ZKStijqqcEdlcJY,1,55,555,444,555,
klein,15,15aRoooVpZLZIbQ2P,1,55,555,444,555,
klein,15,15j3I0dw32XGINuA6,1,55,555,444,555,
klein,15,15LujzQBIvZD9MMJ8,1,55,555,444,555,
klein,15,15JzbkQbK6S0Zo5cz,1,55,555,444,555,
klein,15,152484nKYLPvpgwg8,1,55,555,444,555,
klein,15,15yCTVGAXRACXXldC,1,55,555,444,555,
klein,15,15zLb4O3Ls4IqXhIt,1,55,555,444,555,
klein,15,15myfRCb14NTVICvU,1,55,555,444,555,
klein,15,15JTcijP7NufwlWbZ,1,55,555,444,555,
klein,15,15RX4HnLYf9jmex9p,1,55,555,444,555,
klein,15,15D5Pti5aMCbwRCE1,1,55,555,444,555,
klein,15,15QkQQbbSDzWTqocM,1,55,555,444,555,
klein,15,15k9NPQ24jzZIJOzT,1,55,555,444,555,
klein,15,15UhilBXXwZuMDI5c,1,55,555,444,555,
klein,15,15TxDlbtoBYBz5RY9,1,55,555,444,555,
klein,15,15oT5Y14aniVm4LkT,1,55,555,444,555,
klein,15,152xU6TjUv0j6EHKz,1,55,555,444,555,
klein,15,15xXWwoJqN3aa0WY7,1,55,555,444,555,
klein,15,15JqlJTzXQSuLhEyn,1,55,555,444,555,
klein,15,15ca7KsFisTG1lHk1,1,55,555,444,555,
klein,15,15OBXmnjI5jACn9kY,1,55,555,444,555,
klein,15,15gi9G9JGneNC7O7W,1,55,555,444,555,
klein,15,15dCJvof7xxczdo1h,1,55,555,444,555,
klein,15,15EDUqXIidkeDBdeB,1,55,555,444,555,
klein,15,15sC7KGfsR6pz1Wte,1,55,555,444,555,
klein,15,15ZC6UFGGNTzUMlHK,1,55,555,444,555,
klein,15,15RqlLFrtapRALV5D,1,55,555,444,555,
klein,15,15wRRqQj5BCz6wIav,1,55,555,444,555,
klein,15,15vgqMP894ZDWgbfk,1,55,555,444,555,
klein,15,15nf9j6kSoNZdQmYe,1,55,555,444,555,
klein,15,156c3yZkwrWxJaC4k,1,55,555,444,555,
klein,15,154RwcirYUakoZjMC,1,55,555,444,555,
klein,15,15L8CxoSA1OyertWR,1,55,555,444,555,
klein,15,15ZmwVaco5Mdo7H3X,1,55,555,444,555,
klein,15,15i7mXIP3ByEIZrIl,1,55,555,444,555,
klein,15,15HbePsLUL0N48o1z,1,55,555,444,555,
klein,15,15azJEkfL9pdgvbsc,1,55,555,444,555,
klein,15,15b6TOLm5UHBecDxs,1,55,555,444,555,
klein,15,15jsvvHKdcw8NgKfk,1,55,555,444,555,
klein,15,15HvrlArdUt1kG8yu,1,55,555,444,555,
klein,15,15Tw1BW3YeGUBb94k,1,55,555,444,555,
klein,15,15W5lOvpGr3amc1sa,1,55,555,444,555,
klein,15,15zCYaGN41w0O9I1J,1,55,555,444,555,
klein,15,15zd7xUeu336c2sX0,1,55,555,444,555,
klein,15,151AwEVZSDwJWBlT5,1,55,555,444,555,
klein,15,15AERx47lzCPH6RKx,1,55,555,444,555,
klein,15,15bnRpZcXD5igpjTY,1,55,555,444,555,
klein,15,15cNXTNa0pVBw51DX,1,55,555,444,555,
klein,15,15rQkI1wKzu2o97Ms,1,55,555,444,555,
klein,15,15GOl9Rnb94kIB2yj,1,55,555,444,555,
klein,15,15610ouCuJ2zFgnZf,1,55,555,444,555,
klein,15,154UprIRPeqew0qxh,1,55,555,444,555,
klein,15,157IJV2Jgvv3NqBRK,1,55,555,444,555,
klein,15,15n5XYbWCpmGDtlh0,1,55,555,444,555,
klein,15,152rqVc6lGBAYkmfm,1,55,555,444,555,
klein,15,15DEuEjHuJ9VbTAXF,1,55,555,444,555,
klein,15,15ul6DeyERsdfNao7,1,55,555,444,555,
klein,15,15D36SkgyEelQjlrd,1,55,555,444,555,
klein,15,152b5nLGgHdB3WvqN,1,55,555,444,555,
klein,15,155ygTn0ukWqkBxoM,1,55,555,444,555,
klein,15,15EMhZCp4ksKczRfo,1,55,555,444,555,
klein,15,150dHKISeSHR1rezI,1,55,555,444,555,
klein,15,15hlYXAsdJdApTNWZ,1,55,555,444,555,
klein,15,15UnAAXToPdy0vxJF,1,55,555,444,555,
klein,15,15SCscVhNHlnzGoPq,1,55,555,444,555,
klein,15,1511Wuo1nWz8so08H,1,55,555,444,555,
klein,15,156VqTvr1mbXPzCdr,1,55,555,444,555,
klein,15,15Gq9ktkGQ0RdSfFu,1,55,555,444,555,
klein,15,15gFRwscxd9eUxIho,1,55,555,444,555,
klein,15,15ZgWVhCQ1ZpRUV4u,1,55,555,444,555,
klein,15,15ChraNzhmGvE1yKe,1,55,555,444,555,
klein,15,15R4bgZmrmcz5PkIS,1,55,555,444,555,
klein,15,15gddYBNIBRDatj1m,1,55,555,444,555,
klein,15,15z9JCcyBzQJ1zLz1,1,55,555,444,555,
klein,15,15lFxY8SsaOWBrq1s,1,55,555,444,555,
klein,15,15e3mQ5YBt2C9bNxG,1,55,555,444,555,
klein,15,15dgfnxWndq5h2QkU,1,55,555,444,555,
klein,15,1543Ii02AXhwCOptY,1,55,555,444,555,
klein,15,15tPc75QHxp6j74Ie,1,55,555,444,555,
klein,15,15aX2vlU4VaBmL7pH,1,55,555,444,555,
klein,15,15O6qDtXTUsUX6Nqh,1,55,555,444,555,
klein,15,15MohfAFFULK3WJ27,1,55,555,444,555,
klein,15,157oG7Wnc31uEuHAk,1,55,555,444,555,
klein,15,15HaJlZ2W3IbEwLjS,1,55,555,444,555,
klein,15,15exfH6T76fjq4m3z,1,55,555,444,555,
klein,15,157esaErpPu6tYchy,1,55,555,444,555,
klein,15,15YgWjk2zXSIdwJPp,1,55,555,444,555,
klein,15,15Vh1SwMkNDAOlswy,1,55,555,444,555,
klein,15,15UUGfAyxwvvxqlyg,1,55,555,444,555,
klein,15,15Mjv1frBQy47jGDV,1,55,555,444,555,
klein,15,159EYDnqr5fssLXxY,1,55,555,444,555,
klein,15,153zMl6afgha4cb5B,1,55,555,444,555,
klein,15,15EstpByZUWrfFH9I,1,55,555,444,555,
klein,15,156Bjes82fuRU1Bfp,1,55,555,444,555,
klein,15,15MSsZEkYJ9ZnT0Uz,1,55,555,444,555,
klein,15,15LK2WyrP0ocUuuhz,1,55,555,444,555,
klein,15,15q7gGOx1UKtfqZVZ,1,55,555,444,555,
klein,15,150rZqGfB8S18LIYm,1,55,555,444,555,
klein,15,15wfCRoTjrzY52IpL,1,55,555,444,555,
klein,15,15wbG9b85v4t1mQpV,1,55,555,444,555,
klein,15,150COxEt4k0TAxPBM,1,55,555,444,555,
klein,15,15JtcAhbO40lmJdmg,1,55,555,444,555,
klein,15,158WclU2sELW3uuGp,1,55,555,444,555,
klein,15,15QBOBGcKvSXststL,1,55,555,444,555,
klein,15,15Y4u2Tu3BaI8yT6v,1,55,555,444,555,
klein,15,15UGWgpsYBdE0clEE,1,55,555,444,555,
klein,15,152i1sOXKxhbEe0ZS,1,55,555,444,555,
klein,15,15RDEBHvFpVs7cvrU,1,55,555,444,555,
klein,15,15LiOp3YMg7eO76xX,1,55,555,444,555,
klein,15,153Vh74OkSzdXbp99,1,55,555,444,555,
klein,15,15yA4UzFWDhWZZuzU,1,55,555,444,555,
klein,15,15z0NF0o5HZwAXTWG,1,55,555,444,555,
klein,15,15IqhAuge7j1tk1kq,1,55,555,444,555,
klein,15,15U8E8nauKQ6Zfg1z,1,55,555,444,555,
klein,15,15fV1Fqd4l2WvrwO3,1,55,555,444,555,
klein,15,15aeTAFrM1MTgZcRA,1,55,555,444,555,
klein,15,15lgudHFKSy6CAoGz,1,55,555,444,555,
klein,15,15mwraFGG5qs8OYOM,1,55,555,444,555,
klein,15,159W8WujLw8oFTO8Z,1,55,555,444,555,
klein,15,15riQBEjBVcLI6Td9,1,55,555,444,555,
klein,15,15hRnTFwAvbzq9BXI,1,55,555,444,555,
klein,15,15cnttcwnW6QNj1s0,1,55,555,444,555,
klein,15,15wg4HuvMc1mmi4eL,1,55,555,444,555,
klein,15,15qOqYqLT7VDPWexd,1,55,555,444,555,
klein,15,15YfUL3pgbym9z754,1,55,555,444,555,
klein,15,15IQKUxrFXJJCMzjF,1,55,555,444,555,
klein,15,15kxlOlpAEHUIu29l,1,55,555,444,555,
klein,15,15ibmOpDCDJxlJdPl,1,55,555,444,555,
klein,15,15Rax5EwWqJm0Kg0z,1,55,555,444,555,
klein,15,15TMrY9MYYJ0uBBcQ,1,55,555,444,555,
klein,15,15Y9XjVwzwxCwsFcn,1,55,555,444,555,
klein,15,15LAcyOtcf7kXcVPF,1,55,555,444,555,
klein,15,15QaL4mOsAhWS4s6R,1,55,555,444,555,
klein,15,15cse3nANekLVUcQE,1,55,555,444,555,
klein,15,15ppeXE1zwc8HZqnS,1,55,555,444,555,
klein,15,15cetx3viNxvLA8AN,1,55,555,444,555,
klein,15,15frm7N6rvILR3nxj,1,55,555,444,555,
klein,15,15dOIQlkXS6awPQYn,1,55,555,444,555,
klein,15,15a46If2RRqJwkVq3,1,55,555,444,555,
klein,15,15s2MT6Ulgy3Bdnsp,1,55,555,444,555,
klein,15,15fcq2QbwHLAVeUQf,1,55,555,444,555,
klein,15,15E4UZLIA6kKAYku7,1,55,555,444,555,
klein,15,15A9rDNalxBrnD4T2,1,55,555,444,555,
klein,15,15HHg3HOO1FaJ3HXZ,1,55,555,444,555,
klein,15,15DcCGC0Q3jC0Uk0Z,1,55,555,444,555,
klein,15,15pbtpRtdQMDjNpqN,1,55,555,444,555,
klein,15,15TvkiTluNbKNH69H,1,55,555,444,555,
klein,15,15jrk9RpVDsRcOfTw,1,55,555,444,555,
klein,15,15vP8dls53z1KlCrm,1,55,555,444,555,
klein,15,15dka7ncEu9pA1X3G,1,55,555,444,555,
klein,15,15w1kB61tHAm6aKFe,1,55,555,444,555,
klein,15,158ux9asYPmIuj6aW,1,55,555,444,555,
klein,15,157ovkQyouFjTr63B,1,55,555,444,555,
klein,15,15AeYQQlfSdKCDZg6,1,55,555,444,555,
klein,15,15pUUngYIt2Au9oy4,1,55,555,444,555,
klein,15,15OJ0Zbq6Vd37BE2j,1,55,555,444,555,
klein,15,1553LMzKU9OwqeM7Z,1,55,555,444,555,
klein,15,15amMQchzGoWi8fCm,1,55,555,444,555,
klein,15,15ChYCWavcHyzX9G6,1,55,555,444,555,
klein,15,15rkPCfZ1p1redUZP,1,55,555,444,555,
klein,15,156OD4Sdab25TGySg,1,55,555,444,555,
klein,15,15NWDquXNf9g8sTOx,1,55,555,444,555,
klein,15,15U00k9kIwbP1kdV1,1,55,555,444,555,
klein,15,15v3wXD1qeTOUQSBv,1,55,555,444,555,
klein,15,15XVM6W8BoI0u00lt,1,55,555,444,555,
klein,15,15yVScswTxEeJoXBE,1,55,555,444,555,
klein,15,15Ar3O0wFYZBR9krA,1,55,555,444,555,
klein,15,15SQfRZdcXnwpocnK,1,55,555,444,555,
klein,15,15YIIy3n6Cca70qWd,1,55,555,444,555,
klein,15,153UlYN5b8AXaMD84,1,55,555,444,555,
klein,15,152M4Chfvk459yjiL,1,55,555,444,555,
klein,15,15lR4Wm5CQozxeu8f,1,55,555,444,555,
klein,15,15IC3hi6xdEgEMj7s,1,55,555,444,555,
klein,15,1500LMyjjyPaowzVS,1,55,555,444,555,
klein,15,15llFOivRJpqDUCHE,1,55,555,444,555,
klein,15,151bLa6tqVUF7Uf0n,1,55,555,444,555,
klein,15,15hbMr2WC37j7zNKv,1,55,555,444,555,
klein,15,155TM4wWKQGlZy9dl,1,55,555,444,555,
klein,15,15YtmHb2zEUk6TAZK,1,55,555,444,555,
klein,15,15qg4FQzmzfZpIdKA,1,55,555,444,555,
klein,15,15LQHKlgED9AUahFU,1,55,555,444,555,
klein,15,15pU3b3kfe9JAt9tw,1,55,555,444,555,
klein,15,155VZqD9Z14UAHIfB,1,55,555,444,555,
klein,15,15w5lQK6qBgsWdDfO,1,55,555,444,555,
klein,15,15Gy1szehw8D3F1TR,1,55,555,444,555,
klein,15,15AiW4DPxSkBAAi8B,1,55,555,444,555,
klein,15,15bAbFZc0GvmnKdDH,1,55,555,444,555,
klein,15,15TFjVf9Bw9lco1WG,1,55,555,444,555,
klein,15,15qkf9aXDxBbNlN1t,1,55,555,444,555,
klein,15,15lIzMVd7aTBQvLck,1,55,555,444,555,
klein,15,154zO3A0j80LoQOWe,1,55,555,444,555,
klein,15,15eTf52mDgMECWmhm,1,55,555,444,555,
klein,15,15cTSyCYGw8aaxsrA,1,55,555,444,555,
klein,15,15ho94otYG2fv0ga3,1,55,555,444,555,
klein,15,15BoD0y4J9PBmWfoa,1,55,555,444,555,
klein,15,15UfvYAWy7tzhZ0QY,1,55,555,444,555,
klein,15,158TFsMHvP2dvucC2,1,55,555,444,555,
klein,15,158KEDtVvB9vGPvmS,1,55,555,444,555,
klein,15,154eBgeOMKEqLdvP3,1,55,555,444,555,
klein,15,15X5PhsxGEo0bdlox,1,55,555,444,555,
klein,15,15in6AQhSHXPPVQjN,1,55,555,444,555,
klein,15,15uvbFw0CMFGr1LIP,1,55,555,444,555,
klein,15,15qbCcGRHwW0drWLg,1,55,555,444,555,
klein,15,15sXD3b4lFHk4bGLf,1,55,555,444,555,
klein,15,15dauaVDriog62t8C,1,55,555,444,555,
klein,15,15WDsXYBr8BfbFQ9K,1,55,555,444,555,
klein,15,15g885njOzmtOAiMw,1,55,555,444,555,
klein,15,15PDyJVLIZs8lcaJ3,1,55,555,444,555,
klein,15,15LzGaQ4eL2U1gUQl,1,55,555,444,555,
klein,15,15zQxJPyLgDrkqqly,1,55,555,444,555,
klein,15,15jHULS6q7MlZt8Yq,1,55,555,444,555,
klein,15,15yvwuevotQf9AE6X,1,55,555,444,555,
klein,15,15tTcnO8gXyACI72j,1,55,555,444,555,
klein,15,15FN8jjP6zt1cjUYG,1,55,555,444,555,
klein,15,15JBYbvyKkw0ZZlLD,1,55,555,444,555,
klein,15,15Q1EgiZvPx2guF63,1,55,555,444,555,
klein,15,15ZrzRxMP3T9nuaZS,1,55,555,444,555,
klein,15,15Gs7JK7pbaLZETQT,1,55,555,444,555,
klein,15,15ulCDCC02hPz3ROh,1,55,555,444,555,
klein,15,15IWQ2uRWgUKI4vjj,1,55,555,444,555,
klein,15,15ZPUxMe58OQiqyja,1,55,555,444,555,
klein,15,15NlD3FeCNdeB88wd,1,55,555,444,555,
klein,15,15op3RAcx6uAOaBi1,1,55,555,444,555,
klein,15,15733MoxAXU7jRB9F,1,55,555,444,555,
klein,15,15FQLmJUQ8ojwz4aD,1,55,555,444,555,
klein,15,15ueJirHqwb1xHdfi,1,55,555,444,555,
klein,15,15OjEkkxSlDREkb4f,1,55,555,444,555,
klein,15,15mEoHzYVxz3VtxWP,1,55,555,444,555,
klein,15,15CsDE7c0wpvjWR2L,1,55,555,444,555,
klein,15,158c0SJMXdV8rBrqP,1,55,555,444,555,
klein,15,157S5fivUCl5Tx1r9,1,55,555,444,555,
klein,15,15dDAZuSKmxZY9va9,1,55,555,444,555,
klein,15,15avOO2SQUzL91cpV,1,55,555,444,555,
klein,15,15P1iLRNaAILt3D6V,1,55,555,444,555,
klein,15,15GKhjl6YVdafTPgg,1,55,555,444,555,
klein,15,15IpDfZOTb1GAMbNE,1,55,555,444,555,
klein,15,15IsbSKDBFkTyvWDr,1,55,555,444,555,
klein,15,15Bp5YG7AC3TXJu21,1,55,555,444,555,
klein,15,15Pfigm2yPmE1wRlX,1,55,555,444,555,
klein,15,15nuTuGYdPZZEyujz,1,55,555,444,555,
klein,15,15aE4p3yqecRemNLo,1,55,555,444,555,
klein,15,15n782jSqVqU2yLlG,1,55,555,444,555,
klein,15,15BtcONmD89pCdYp8,1,55,555,444,555,
klein,15,15Uio6CnQkfQyIvPx,1,55,555,444,555,
klein,15,15g7jAktTroWNefvG,1,55,555,444,555,
klein,15,154Edb2rhomCzebgF,1,55,555,444,555,
klein,15,15yvpPFHWfRheIWCI,1,55,555,444,555,
klein,15,15tf1pNEHdPJmUytK,1,55,555,444,555,
klein,15,15TeoOTQOpQOcdD6S,1,55,555,444,555,
klein,15,15cvmjwphlM8IZAzf,1,55,555,444,555,
klein,15,15dnyvhhZuELwInKF,1,55,555,444,555,
klein,15,15NoWnuUIn3635QyT,1,55,555,444,555,
klein,15,15kyC7r1xXnPbuSJN,1,55,555,444,555,
klein,15,15B9X5Vcp3Q0C0DbX,1,55,555,444,555,
klein,15,15SVYkGvsUTo4wA6o,1,55,555,444,555,
klein,15,15SrLYodm3dcqRIZh,1,55,555,444,555,
klein,15,15kU2HLgIPd4jBRLx,1,55,555,444,555,
klein,15,151MRnmlN4UjexsIv,1,55,555,444,555,
klein,15,15FK5nq8JsbEC6obD,1,55,555,444,555,
klein,15,15tmopaLfoItngmt5,1,55,555,444,555,
klein,15,15w3k1bc2eMqra95q,1,55,555,444,555,
klein,15,15nqlobyrDzRUQxT7,1,55,555,444,555,
klein,15,15tLT09ekDr9Ww2gx,1,55,555,444,555,
klein,15,1591E4U21wMCRZoHe,1,55,555,444,555,
klein,15,15WqwFiYt8uWgm7yu,1,55,555,444,555,
klein,15,15kb5A9mTIFrLfYpw,1,55,555,444,555,
klein,15,15PcoJb9cJANwduP7,1,55,555,444,555,
klein,15,15461Snd336izJi65,1,55,555,444,555,
klein,15,154VecA05jvn4q9E1,1,55,555,444,555,
klein,15,15BCKbmOLOkC2Itpz,1,55,555,444,555,
klein,15,15VXp1auS3bMWQyzo,1,55,555,444,555,
klein,15,15BbVGBfkhRSjjuKi,1,55,555,444,555,
klein,15,15OqWjqtAlxESF11c,1,55,555,444,555,
klein,15,15lbzI4QxwGAPQLNi,1,55,555,444,555,
klein,15,15uAQaIF3Lfxux3oj,1,55,555,444,555,
klein,15,15E0fiGKnTOKcUjU7,1,55,555,444,555,
klein,15,15VLY0Mf9q96DMzGs,1,55,555,444,555,
klein,15,15F9B3CHHWPOa67qX,1,55,555,444,555,
klein,15,15QQFZ0TVCNARjEFN,1,55,555,444,555,
klein,15,15LzX1oRNoTErP5uZ,1,55,555,444,555,
klein,15,15rZ4rvYQpfOv3zfU,1,55,555,444,555,
klein,15,15V73Uuk1CGNNSuuF,1,55,555,444,555,
klein,15,156t5mqHatEQbeGca,1,55,555,444,555,
klein,15,15j2wnK6NT3hMSAC4,1,55,555,444,555,
klein,15,152OTtY8DJPUB20R2,1,55,555,444,555,
klein,15,15G8DqSQn6hUXbGRE,1,55,555,444,555,
klein,15,15ba4gbUHtIsriOx2,1,55,555,444,555,
klein,15,15xLdOCcQQjttM1S1,1,55,555,444,555,
klein,15,15k0r1YiN3fJD82HJ,1,55,555,444,555,
klein,15,154IVwedERIkUMGHw,1,55,555,444,555,
klein,15,15amC7E8DwYWaui0o,1,55,555,444,555,
klein,15,15qgCNzdzVgjRjeYt,1,55,555,444,555,
klein,15,15k6Bc6p52wCjnvE6,1,55,555,444,555,
klein,15,15Bht4FFyq7jOBohM,1,55,555,444,555,
klein,15,15a5KjDABXpWNkELR,1,55,555,444,555,
klein,15,15bHevKPYuEVEK1PM,1,55,555,444,555,
klein,15,15uPbyPt13dH0jNiJ,1,55,555,444,555,
klein,15,15cOqB6SRR3H6Bpxg,1,55,555,444,555,
klein,15,15jYbJOrWcky6jgVR,1,55,555,444,555,
klein,15,15c25S1tYwwEej509,1,55,555,444,555,
klein,15,15UJuNy9FPQkubDDW,1,55,555,444,555,
klein,15,15TpuljKlzlDOfnbn,1,55,555,444,555,
klein,15,15ehXHyK5dcV35H5z,1,55,555,444,555,
klein,15,15imVyrE55uDlpkzv,1,55,555,444,555,
klein,15,15eXvGNqmva9yoZIX,1,55,555,444,555,
klein,15,15fTmGpzfveIPoJ3s,1,55,555,444,555,
klein,15,15Ey8DhO192hyFtDq,1,55,555,444,555,
klein,15,15tbY5COIGvjTyqf0,1,55,555,444,555,
klein,15,15qXoxDQts9imBGXV,1,55,555,444,555,
klein,15,15xOLoTHo7fK7pbZS,1,55,555,444,555,
klein,15,15C7rLPM4KWIgSrSM,1,55,555,444,555,
klein,15,15r3yXzmhPhWqv6l7,1,55,555,444,555,
klein,15,15z5PHSq4CGIB0hEx,1,55,555,444,555,
klein,15,15Zg9pxjYRzmTDZ2e,1,55,555,444,555,
klein,15,15rb9GQJDSeULJY50,1,55,555,444,555,
klein,15,15D4d6UgO67bc9SQp,1,55,555,444,555,
klein,15,15mQo8qdtqPTNlKUP,1,55,555,444,555,
klein,15,15S8y3lN485YEruJ7,1,55,555,444,555,
klein,15,15RuZwaLqVXFV8j6e,1,55,555,444,555,
klein,15,15a1CI3a5lmBzBm9e,1,55,555,444,555,
klein,15,15tz7HQdZruIDhgT6,1,55,555,444,555,
klein,15,15Yj1qkOn7CU9wRj0,1,55,555,444,555,
klein,15,15jCXKPl7JMLhap6o,1,55,555,444,555,
klein,15,15VdEwqqG3y1Ijl7R,1,55,555,444,555,
klein,15,15ieCsL1sN9jzwL5L,1,55,555,444,555,
klein,15,15dV7skXEaAZDQW3S,1,55,555,444,555,
klein,15,15yJHlT3JYXUfxkLT,1,55,555,444,555,
klein,15,15fKjX37BN1EB18n6,1,55,555,444,555,
klein,15,15YdqerHK8z3973VI,1,55,555,444,555,
klein,15,15kanQ7OT3f5AxH6c,1,55,555,444,555,
klein,15,15yDkLAIV4nTmqxfu,1,55,555,444,555,
klein,15,15jbKCcLGGteQtn79,1,55,555,444,555,
klein,15,15k2Z46KTqXMJzbLG,1,55,555,444,555,
klein,15,15jzxwMGwsP3njXue,1,55,555,444,555,
klein,15,152K6Y3P4vIgRHc6I,1,55,555,444,555,
klein,15,15cVhmnzXf8PZLTUF,1,55,555,444,555,
klein,15,15j8haUpEzU6qywOk,1,55,555,444,555,
klein,15,15HBNggUpAAHIsWyf,1,55,555,444,555,
klein,15,15pEKj8txLh2iVqZP,1,55,555,444,555,
klein,15,15X7S0yrcWWGSucIJ,1,55,555,444,555,
klein,15,15PybglAQaGVQN1u5,1,55,555,444,555,
klein,15,15gyZQ6UQBBQgPGJu,1,55,555,444,555,
klein,15,15IDtsQqQDJjq3BIA,1,55,555,444,555,
klein,15,15hUlwfiiHJuo2X1p,1,55,555,444,555,
klein,15,15hg4ppHlUDr1dpi3,1,55,555,444,555,
klein,15,15aJw1yoPNmVQIiLj,1,55,555,444,555,
klein,15,15NWl2MUJxuLygPNb,1,55,555,444,555,
klein,15,15X068qkIKn7LjikN,1,55,555,444,555,
klein,15,154G595HWHfaxCXut,1,55,555,444,555,
klein,15,15pETIAjhHVtdStUh,1,55,555,444,555,
klein,15,15EW603ZmFS5QiNKa,1,55,555,444,555,
klein,15,15PzdQLyc70p28FF1,1,55,555,444,555,
klein,15,15k5Hd4n29LVfXJnQ,1,55,555,444,555,
klein,15,15YrDkdBv0rKOBiNk,1,55,555,444,555,
klein,15,15gHwhXYGHbkmGEWH,1,55,555,444,555,
klein,15,15gihYzM1Ao6noZE2,1,55,555,444,555,
klein,15,159AHkxWeEi3iJ0oJ,1,55,555,444,555,
klein,15,15EO5A6hV3gkYLnyx,1,55,555,444,555,
klein,15,15rJhQr17gRV9Z3hP,1,55,555,444,555,
klein,15,159c42d17uCcKU18m,1,55,555,444,555,
klein,15,15Ba96vs7DiQkTUfh,1,55,555,444,555,
klein,15,15NpMyjFNu7gATuAW,1,55,555,444,555,
klein,15,15DDF8fEzh3xVezQr,1,55,555,444,555,
klein,15,15b4HZAnCFfDy08Z6,1,55,555,444,555,
klein,15,15Gm8XwQaJkVzsBOf,1,55,555,444,555,
klein,15,15z51MqtzzgUpe6nQ,1,55,555,444,555,
klein,15,15ywTKnDVtBgjn49N,1,55,555,444,555,
klein,15,15quUDvd4xM9gc2Lu,1,55,555,444,555,
klein,15,15P4I7AfsC69GyhvI,1,55,555,444,555,
klein,15,15wiIqaxFkxRvNxTr,1,55,555,444,555,
klein,15,15eLADkCwdw3LRH4Y,1,55,555,444,555,
klein,15,15ATSEkEfIIwywUNX,1,55,555,444,555,
klein,15,15dIoptb6R30qkK7f,1,55,555,444,555,
klein,15,159XCFOvnsOoGkgX1,1,55,555,444,555,
klein,15,15uBpAtKnfkM4vKo6,1,55,555,444,555,
klein,15,15j2cv43RI9BiuCTb,1,55,555,444,555,
klein,15,15D6LUWjFLYzZI6OM,1,55,555,444,555,
klein,15,15ndv0goiEOihfGbe,1,55,555,444,555,
klein,15,15sHQxcltdcspm8p7,1,55,555,444,555,
klein,15,15NpnsWKHTytSZ0K3,1,55,555,444,555,
klein,15,159RwncSlZIOVuDq2,1,55,555,444,555,
klein,15,15mgevpiumcqYxQCg,1,55,555,444,555,
klein,15,15Jn1LWFAbqHHwKyE,1,55,555,444,555,
klein,15,15huGbR82WijB8cl4,1,55,555,444,555,
klein,15,15q5MTs1nCNb3Wf5D,1,55,555,444,555,
klein,15,157PRXeuonUYehmf6,1,55,555,444,555,
klein,15,15shFbkJ2TlnXA59N,1,55,555,444,555,
klein,15,15VjuBMkZoJbL75eq,1,55,555,444,555,
klein,15,154Sj7aMLsbAk9NIp,1,55,555,444,555,
klein,15,15L8KDOSrQwjlXiMz,1,55,555,444,555,
klein,15,15jEaxbg0ZZwruPv4,1,55,555,444,555,
klein,15,15190G1rA7T4QFSvH,1,55,555,444,555,
klein,15,15U48vjH6BZczYFwG,1,55,555,444,555,
klein,15,15Gk53Juw9sxOkxE2,1,55,555,444,555,
klein,15,15tB62dIey83JzB1v,1,55,555,444,555,
klein,15,15o5N2o4hpNwZEx6E,1,55,555,444,555,
klein,15,15BZx7mN3Nm0wclJL,1,55,555,444,555,
klein,15,15Qn43wRiMPVwOwec,1,55,555,444,555,
klein,15,15qirTtoWcLWAFbmK,1,55,555,444,555,
klein,15,15ui8wYceTSdO8Fzc,1,55,555,444,555,
klein,15,15wzH89atRIz2NcPY,1,55,555,444,555,
klein,15,15yREdl94Zj5Ggtde,1,55,555,444,555,
klein,15,152GBKGVD8LH3Jdle,1,55,555,444,555,
klein,15,158z6Rn3AsHaTg5tv,1,55,555,444,555,
klein,15,155XDZy1n4NjZXAcN,1,55,555,444,555,
klein,15,15rRwyb6qu0pi336T,1,55,555,444,555,
klein,15,15CmIbyEK7MsCrD1S,1,55,555,444,555,
klein,15,15zTYQGvvihogPrJK,1,55,555,444,555,
klein,15,15fdcTIScwjEbgPRi,1,55,555,444,555,
klein,15,15yhEE3fMW40OtNhX,1,55,555,444,555,
klein,15,15SW8tmpF6nS7jB5S,1,55,555,444,555,
klein,15,15jpD9kZk1xrzb2t2,1,55,555,444,555,
klein,15,15WSPxikMt5OT2P3u,1,55,555,444,555,
klein,15,15P0vfX13wrzemj7t,1,55,555,444,555,
klein,15,15cMLGSS6I8Wv8ttQ,1,55,555,444,555,
klein,15,15m4DO3AHuMPrlrTG,1,55,555,444,555,
klein,15,15fPwKOxhNsIQJ62i,1,55,555,444,555,
klein,15,15qSAcsAb5Gx160I0,1,55,555,444,555,
klein,15,150ekaJBZv31egAd6,1,55,555,444,555,
klein,15,15asemZ3V7P2tAzil,1,55,555,444,555,
klein,15,15BoiQogJvVymmwzp,1,55,555,444,555,
klein,15,15bfH985VTVCDP05s,1,55,555,444,555,
klein,15,152PGQmgqUWJTHS2C,1,55,555,444,555,
klein,15,15r0eFvd7V90238RU,1,55,555,444,555,
klein,15,15ARTT4ujxBTeu2uz,1,55,555,444,555,
klein,15,15hOgrQRJjwBGuy5C,1,55,555,444,555,
klein,15,15kFnZOmqfPOfnzTs,1,55,555,444,555,
klein,15,15Kc9uMcMbzFT9oT2,1,55,555,444,555,
klein,15,15ongiqpOLU1UY7hM,1,55,555,444,555,
klein,15,157RuOLYX4dFWj3yM,1,55,555,444,555,
klein,15,155g5F1pfK2XAgxck,1,55,555,444,555,
klein,15,15ZC9NMjieS9EeJ65,1,55,555,444,555,
klein,15,153eGbpiGYSSTwDke,1,55,555,444,555,
klein,15,15CGRXASqrESylMDc,1,55,555,444,555,
klein,15,15cSs00mkIqJV80Pg,1,55,555,444,555,
klein,15,15hDRnVRYksIq8fVW,1,55,555,444,555,
klein,15,15cfobGwTUDTxdxSR,1,55,555,444,555,
klein,15,15ZKRdXyZ5uVMRYMe,1,55,555,444,555,
klein,15,15xzB17va6LCo59Ux,1,55,555,444,555,
klein,15,15ACJajDhq7jeddzO,1,55,555,444,555,
klein,15,15jHrHz8GP6HODqso,1,55,555,444,555,
klein,15,15s48GI6jdbtDfwIr,1,55,555,444,555,
klein,15,15UroSSfILH02NWbo,1,55,555,444,555,
klein,15,15XbsquDRkyKycAJf,1,55,555,444,555,
klein,15,15peoUbJbi2SZBcRe,1,55,555,444,555,
klein,15,157P240F6fRbR53Qm,1,55,555,444,555,
klein,15,15canx7rb2mFN4nwx,1,55,555,444,555,
klein,15,15ilrVrZpkYNkOQ35,1,55,555,444,555,
klein,15,15Adf7vAQVBXxLCjZ,1,55,555,444,555,
klein,15,15Id00gkGHQECdZbh,1,55,555,444,555,
klein,15,15Ar8LayBZdWFpEr4,1,55,555,444,555,
klein,15,15Lhmip1gQzBtY6ou,1,55,555,444,555,
klein,15,15PKhdAGbAjkq26Wn,1,55,555,444,555,
klein,15,15QjiuPDHYiX6BIy1,1,55,555,444,555,
klein,15,15uVfLIESIURwmccW,1,55,555,444,555,
klein,15,15vrPh5CGYeSxJdtK,1,55,555,444,555,
klein,15,15IltNx9rxg36KLbk,1,55,555,444,555,
klein,15,15xGVHx8UROApdH9R,1,55,555,444,555,
klein,15,15qZEOQJZW9dyGO5l,1,55,555,444,555,
klein,15,151Q8zIR0PwoQOr3L,1,55,555,444,555,
klein,15,15CGKis0Bq07I7RGv,1,55,555,444,555,
klein,15,15I6H6MpWLDcoIQYw,1,55,555,444,555,
klein,15,15HbFI1uuPSJQWCG6,1,55,555,444,555,
klein,15,155klaR8nPYWXXMFX,1,55,555,444,555,
klein,15,15PtTGqZNMs1YGhi6,1,55,555,444,555,
klein,15,15xwsa4Z18dEr8fBk,1,55,555,444,555,
klein,15,15pOCCqmh1jFmQw3R,1,55,555,444,555,
klein,15,15165vvAYdt45o7tc,1,55,555,444,555,
klein,15,15DU2c4RCslyCIcn7,1,55,555,444,555,
klein,15,15oxB4ZvALq4Lmt63,1,55,555,444,555,
